id,data,mes,hora,tipo_ocorrencia,regiao,prioridade,tempo_resposta_min,idade_vitima,status
1,2025-07-16 11:32:05,Jul,11,Incêndio em Edifício,Zona Norte,Média,14,36,Concluído
2,2025-02-16 11:32:05,Feb,11,Incêndio em Edifício,Centro,Alta,8,26,Concluído
3,2025-04-22 11:32:05,Apr,11,Incêndio Florestal,Centro,Baixa,22,46,Concluído
4,2025-09-15 11:32:05,Sep,11,Salvamento Aquático,Região Metropolitana,Baixa,32,35,Concluído
5,2025-08-11 11:32:05,Aug,11,Incêndio em Edifício,Centro,Alta,10,33,Concluído
6,2025-02-12 11:32:05,Feb,11,Acidente Veicular,Zona Oeste,Alta,10,39,Concluído
7,2025-05-09 11:32:05,May,11,APH - Mal Súbito,Região Metropolitana,Média,16,70,Concluído
8,2025-01-05 11:32:05,Jan,11,Incêndio Florestal,Região Metropolitana,Média,30,39,Concluído
9,2025-05-29 11:32:05,May,11,Acidente Veicular,Zona Norte,Alta,7,46,Concluído
10,2025-09-24 11:32:05,Sep,11,APH - Mal Súbito,Zona Sul,Média,29,67,Concluído
11,2025-09-10 11:32:05,Sep,11,Acidente Veicular,Zona Sul,Baixa,15,44,Concluído
12,2025-10-14 11:32:05,Oct,11,Incêndio em Edifício,Região Metropolitana,Média,20,73,Concluído
13,2025-06-27 11:32:05,Jun,11,Resgate em Altura,Região Metropolitana,Baixa,15,39,Concluído
14,2025-08-09 11:32:05,Aug,11,Incêndio Florestal,Zona Sul,Média,20,53,Concluído
15,2025-08-12 11:32:05,Aug,11,Incêndio em Edifício,Região Metropolitana,Alta,10,35,Concluído
16,2024-12-29 11:32:05,Dec,11,APH - Mal Súbito,Zona Norte,Baixa,30,63,Concluído
17,2025-07-06 11:32:05,Jul,11,Incêndio em Edifício,Centro,Média,31,48,Concluído
18,2025-09-12 11:32:05,Sep,11,APH - Mal Súbito,Zona Norte,Alta,6,61,Concluído
19,2025-05-27 11:32:05,May,11,Vazamento de Gás,Zona Sul,Média,18,24,Concluído
20,2025-07-21 11:32:05,Jul,11,Resgate em Altura,Região Metropolitana,Média,26,47,Concluído
21,2024-12-14 11:32:05,Dec,11,Salvamento Aquático,Centro,Baixa,22,55,Em Andamento
22,2025-08-21 11:32:05,Aug,11,Resgate em Altura,Região Metropolitana,Média,31,29,Concluído
23,2024-12-22 11:32:05,Dec,11,Incêndio Florestal,Zona Oeste,Baixa,43,56,Concluído
24,2025-12-05 11:32:05,Dec,11,Acidente Veicular,Zona Oeste,Alta,9,24,Concluído
25,2025-02-03 11:32:05,Feb,11,Vazamento de Gás,Região Metropolitana,Baixa,6,52,Concluído
26,2025-08-02 11:32:05,Aug,11,Vazamento de Gás,Zona Sul,Média,1,51,Concluído
27,2025-03-29 11:32:05,Mar,11,Incêndio em Edifício,Região Metropolitana,Alta,11,21,Concluído
28,2025-02-15 11:32:05,Feb,11,APH - Mal Súbito,Centro,Baixa,8,63,Concluído
29,2025-06-08 11:32:05,Jun,11,Acidente Veicular,Centro,Baixa,34,40,Concluído
30,2025-08-31 11:32:05,Aug,11,Salvamento Aquático,Centro,Média,33,41,Concluído
31,2025-05-24 11:32:05,May,11,Resgate em Altura,Zona Sul,Baixa,30,26,Concluído
32,2024-12-31 11:32:05,Dec,11,Incêndio Florestal,Região Metropolitana,Média,22,44,Concluído
33,2025-06-23 11:32:05,Jun,11,Resgate em Altura,Região Metropolitana,Média,27,19,Concluído
34,2025-01-07 11:32:05,Jan,11,APH - Mal Súbito,Zona Oeste,Média,21,78,Concluído
35,2025-08-05 11:32:05,Aug,11,Incêndio em Edifício,Zona Oeste,Alta,4,59,Concluído
36,2025-09-03 11:32:05,Sep,11,Salvamento Aquático,Centro,Baixa,13,80,Concluído
37,2025-07-20 11:32:05,Jul,11,APH - Mal Súbito,Zona Norte,Média,20,95,Concluído
38,2024-12-15 11:32:05,Dec,11,Incêndio Florestal,Região Metropolitana,Baixa,16,20,Em Andamento
39,2025-06-02 11:32:05,Jun,11,APH - Mal Súbito,Centro,Baixa,31,74,Concluído
40,2025-01-22 11:32:05,Jan,11,Salvamento Aquático,Zona Sul,Baixa,13,14,Concluído
41,2025-12-01 11:32:05,Dec,11,Resgate em Altura,Zona Norte,Baixa,35,37,Concluído
42,2025-01-25 11:32:05,Jan,11,APH - Mal Súbito,Zona Norte,Média,23,63,Concluído
43,2025-06-27 11:32:05,Jun,11,APH - Mal Súbito,Zona Norte,Média,33,85,Concluído
44,2025-04-21 11:32:05,Apr,11,Resgate em Altura,Zona Oeste,Baixa,25,33,Cancelado
45,2025-11-29 11:32:05,Nov,11,APH - Mal Súbito,Centro,Baixa,3,72,Concluído
46,2025-06-17 11:32:05,Jun,11,Incêndio em Edifício,Zona Sul,Alta,8,34,Concluído
47,2025-11-20 11:32:05,Nov,11,Incêndio em Edifício,Zona Oeste,Média,14,41,Concluído
48,2025-02-18 11:32:05,Feb,11,Resgate em Altura,Região Metropolitana,Alta,11,24,Concluído
49,2025-09-14 11:32:05,Sep,11,Incêndio em Edifício,Zona Sul,Alta,8,24,Concluído
50,2025-07-29 11:32:05,Jul,11,Acidente Veicular,Região Metropolitana,Alta,10,46,Concluído
51,2024-12-26 11:32:05,Dec,11,Incêndio em Edifício,Zona Sul,Alta,11,57,Concluído
52,2025-05-02 11:32:05,May,11,Salvamento Aquático,Zona Sul,Média,39,26,Concluído
53,2025-04-14 11:32:05,Apr,11,Vazamento de Gás,Região Metropolitana,Média,28,28,Concluído
54,2025-03-30 11:32:05,Mar,11,Vazamento de Gás,Região Metropolitana,Média,15,15,Concluído
55,2025-11-04 11:32:05,Nov,11,Incêndio Florestal,Centro,Média,27,11,Concluído
56,2025-04-17 11:32:05,Apr,11,APH - Mal Súbito,Centro,Média,26,49,Concluído
57,2025-10-06 11:32:05,Oct,11,Incêndio Florestal,Região Metropolitana,Baixa,40,49,Concluído
58,2025-10-22 11:32:05,Oct,11,Incêndio Florestal,Região Metropolitana,Baixa,36,33,Concluído
59,2025-08-16 11:32:05,Aug,11,Resgate em Altura,Zona Oeste,Baixa,14,30,Concluído
60,2025-10-03 11:32:05,Oct,11,Incêndio em Edifício,Centro,Alta,7,49,Concluído
61,2025-02-01 11:32:05,Feb,11,Acidente Veicular,Região Metropolitana,Alta,11,46,Concluído
62,2025-04-01 11:32:05,Apr,11,APH - Mal Súbito,Zona Norte,Alta,9,75,Concluído
63,2025-05-16 11:32:05,May,11,Vazamento de Gás,Zona Norte,Baixa,30,49,Em Andamento
64,2025-09-06 11:32:05,Sep,11,Salvamento Aquático,Zona Norte,Média,39,14,Concluído
65,2025-09-17 11:32:05,Sep,11,Acidente Veicular,Região Metropolitana,Alta,11,63,Em Andamento
66,2025-11-16 11:32:05,Nov,11,Acidente Veicular,Região Metropolitana,Alta,11,17,Concluído
67,2025-07-15 11:32:05,Jul,11,Salvamento Aquático,Centro,Média,1,20,Concluído
68,2025-03-21 11:32:05,Mar,11,Vazamento de Gás,Zona Norte,Baixa,34,35,Concluído
69,2025-09-02 11:32:05,Sep,11,Incêndio em Edifício,Região Metropolitana,Baixa,31,35,Cancelado
70,2025-06-19 11:32:05,Jun,11,Incêndio Florestal,Centro,Média,50,45,Concluído
71,2025-11-27 11:32:05,Nov,11,Resgate em Altura,Região Metropolitana,Baixa,12,39,Concluído
72,2025-06-28 11:32:05,Jun,11,Resgate em Altura,Zona Sul,Baixa,39,67,Concluído
73,2025-08-11 11:32:05,Aug,11,Resgate em Altura,Zona Sul,Baixa,13,30,Concluído
74,2025-04-18 11:32:05,Apr,11,Incêndio em Edifício,Região Metropolitana,Baixa,20,15,Concluído
75,2025-08-12 11:32:05,Aug,11,APH - Mal Súbito,Zona Sul,Alta,8,80,Concluído
76,2025-05-20 11:32:05,May,11,Vazamento de Gás,Região Metropolitana,Baixa,33,45,Concluído
77,2025-08-25 11:32:05,Aug,11,Acidente Veicular,Zona Sul,Alta,13,32,Concluído
78,2025-06-28 11:32:05,Jun,11,Vazamento de Gás,Região Metropolitana,Alta,11,32,Concluído
79,2025-01-04 11:32:05,Jan,11,Vazamento de Gás,Região Metropolitana,Média,28,49,Concluído
80,2025-03-09 11:32:05,Mar,11,Incêndio em Edifício,Região Metropolitana,Média,20,39,Em Andamento
81,2025-06-14 11:32:05,Jun,11,Incêndio Florestal,Centro,Baixa,19,10,Concluído
82,2025-12-06 11:32:05,Dec,11,Incêndio Florestal,Zona Sul,Baixa,20,39,Concluído
83,2025-08-05 11:32:05,Aug,11,Incêndio Florestal,Zona Sul,Baixa,20,13,Concluído
84,2025-09-05 11:32:05,Sep,11,Vazamento de Gás,Centro,Média,30,25,Concluído
85,2025-06-01 11:32:05,Jun,11,Acidente Veicular,Zona Oeste,Média,4,29,Concluído
86,2025-05-19 11:32:05,May,11,Acidente Veicular,Região Metropolitana,Alta,9,32,Em Andamento
87,2025-02-03 11:32:05,Feb,11,Incêndio em Edifício,Zona Norte,Alta,13,27,Concluído
88,2025-11-10 11:32:05,Nov,11,Salvamento Aquático,Zona Oeste,Baixa,32,30,Concluído
89,2025-03-31 11:32:05,Mar,11,Incêndio em Edifício,Zona Oeste,Baixa,10,55,Concluído
90,2025-02-04 11:32:05,Feb,11,Vazamento de Gás,Zona Sul,Média,13,33,Concluído
91,2025-03-15 11:32:05,Mar,11,Salvamento Aquático,Centro,Baixa,20,21,Concluído
92,2025-06-30 11:32:05,Jun,11,Vazamento de Gás,Zona Sul,Baixa,10,7,Cancelado
93,2025-07-18 11:32:05,Jul,11,Resgate em Altura,Zona Norte,Média,25,49,Concluído
94,2025-07-25 11:32:05,Jul,11,Incêndio em Edifício,Região Metropolitana,Alta,9,18,Concluído
95,2025-09-05 11:32:05,Sep,11,Acidente Veicular,Zona Norte,Média,21,21,Concluído
96,2025-09-13 11:32:05,Sep,11,APH - Mal Súbito,Zona Norte,Média,25,79,Concluído
97,2025-10-20 11:32:05,Oct,11,Salvamento Aquático,Zona Norte,Média,40,42,Concluído
98,2025-10-05 11:32:05,Oct,11,Incêndio Florestal,Zona Norte,Alta,7,24,Concluído
99,2025-07-25 11:32:05,Jul,11,Incêndio Florestal,Zona Sul,Baixa,16,43,Concluído
100,2025-08-12 11:32:05,Aug,11,Salvamento Aquático,Zona Norte,Média,25,35,Concluído
101,2025-08-10 11:32:05,Aug,11,Incêndio em Edifício,Região Metropolitana,Alta,9,37,Concluído
102,2025-05-13 11:32:05,May,11,Incêndio Florestal,Zona Norte,Baixa,19,53,Concluído
103,2025-08-29 11:32:05,Aug,11,Resgate em Altura,Zona Sul,Baixa,7,27,Concluído
104,2025-03-20 11:32:05,Mar,11,Incêndio Florestal,Zona Norte,Média,30,66,Concluído
105,2025-10-06 11:32:05,Oct,11,Acidente Veicular,Zona Norte,Alta,10,64,Concluído
106,2025-05-24 11:32:05,May,11,Incêndio Florestal,Zona Norte,Alta,9,52,Concluído
107,2025-06-24 11:32:05,Jun,11,Incêndio Florestal,Zona Sul,Baixa,16,39,Concluído
108,2025-08-04 11:32:05,Aug,11,APH - Mal Súbito,Centro,Baixa,35,64,Concluído
109,2025-01-08 11:32:05,Jan,11,Vazamento de Gás,Região Metropolitana,Média,29,57,Em Andamento
110,2025-02-15 11:32:05,Feb,11,Incêndio Florestal,Centro,Média,18,18,Em Andamento
111,2025-08-12 11:32:05,Aug,11,Incêndio Florestal,Região Metropolitana,Baixa,16,31,Concluído
112,2025-10-06 11:32:05,Oct,11,Acidente Veicular,Zona Sul,Média,28,21,Concluído
113,2025-08-22 11:32:05,Aug,11,Salvamento Aquático,Centro,Baixa,34,4,Concluído
114,2025-01-20 11:32:05,Jan,11,Salvamento Aquático,Região Metropolitana,Média,36,22,Em Andamento
115,2025-09-26 11:32:05,Sep,11,Resgate em Altura,Zona Oeste,Média,11,48,Em Andamento
116,2025-02-09 11:32:05,Feb,11,Salvamento Aquático,Região Metropolitana,Baixa,19,29,Concluído
117,2025-01-25 11:32:05,Jan,11,Incêndio em Edifício,Região Metropolitana,Alta,6,18,Concluído
118,2025-04-03 11:32:05,Apr,11,APH - Mal Súbito,Zona Oeste,Baixa,25,51,Concluído
119,2025-10-13 11:32:05,Oct,11,Incêndio em Edifício,Zona Sul,Média,30,28,Concluído
120,2025-11-17 11:32:05,Nov,11,Salvamento Aquático,Zona Sul,Baixa,26,56,Concluído
121,2025-12-09 11:32:05,Dec,11,Incêndio Florestal,Centro,Baixa,39,28,Concluído
122,2025-04-21 11:32:05,Apr,11,Vazamento de Gás,Centro,Baixa,19,79,Concluído
123,2025-05-05 11:32:05,May,11,Incêndio em Edifício,Zona Norte,Média,16,39,Concluído
124,2025-07-02 11:32:05,Jul,11,Incêndio Florestal,Região Metropolitana,Média,17,32,Concluído
125,2025-11-08 11:32:05,Nov,11,Acidente Veicular,Centro,Alta,10,47,Concluído
126,2025-07-23 11:32:05,Jul,11,Salvamento Aquático,Zona Norte,Média,32,35,Concluído
127,2025-04-13 11:32:05,Apr,11,Salvamento Aquático,Zona Oeste,Baixa,32,4,Concluído
128,2025-06-27 11:32:05,Jun,11,Incêndio em Edifício,Região Metropolitana,Média,8,28,Cancelado
129,2025-04-10 11:32:05,Apr,11,Salvamento Aquático,Centro,Baixa,23,19,Concluído
130,2025-03-29 11:32:05,Mar,11,APH - Mal Súbito,Zona Norte,Média,24,53,Concluído
131,2025-07-29 11:32:05,Jul,11,Acidente Veicular,Zona Sul,Alta,9,1,Concluído
132,2025-08-24 11:32:05,Aug,11,Incêndio em Edifício,Zona Oeste,Média,29,26,Concluído
133,2025-11-10 11:32:05,Nov,11,Salvamento Aquático,Zona Sul,Alta,8,36,Concluído
134,2025-09-29 11:32:05,Sep,11,Acidente Veicular,Zona Norte,Baixa,24,55,Concluído
135,2025-07-15 11:32:05,Jul,11,APH - Mal Súbito,Zona Sul,Média,28,92,Concluído
136,2025-09-15 11:32:05,Sep,11,Salvamento Aquático,Zona Oeste,Alta,10,26,Concluído
137,2025-07-17 11:32:05,Jul,11,Acidente Veicular,Centro,Média,36,1,Concluído
138,2025-09-04 11:32:05,Sep,11,APH - Mal Súbito,Centro,Alta,9,60,Concluído
139,2025-11-16 11:32:05,Nov,11,Vazamento de Gás,Zona Oeste,Baixa,21,51,Concluído
140,2025-03-21 11:32:05,Mar,11,Vazamento de Gás,Zona Oeste,Baixa,57,44,Concluído
141,2025-10-20 11:32:05,Oct,11,APH - Mal Súbito,Zona Oeste,Baixa,6,58,Concluído
142,2025-06-11 11:32:05,Jun,11,APH - Mal Súbito,Centro,Média,26,56,Concluído
143,2025-10-16 11:32:05,Oct,11,Incêndio Florestal,Centro,Baixa,24,51,Concluído
144,2025-03-23 11:32:05,Mar,11,Resgate em Altura,Zona Oeste,Baixa,2,75,Em Andamento
145,2025-03-25 11:32:05,Mar,11,Vazamento de Gás,Zona Norte,Média,27,40,Concluído
146,2025-04-09 11:32:05,Apr,11,Vazamento de Gás,Zona Sul,Média,25,41,Concluído
147,2025-03-30 11:32:05,Mar,11,Incêndio em Edifício,Centro,Média,19,36,Concluído
148,2025-12-08 11:32:05,Dec,11,Acidente Veicular,Zona Sul,Média,12,41,Concluído
149,2025-04-18 11:32:05,Apr,11,Acidente Veicular,Zona Norte,Média,12,48,Concluído
150,2025-07-30 11:32:05,Jul,11,Incêndio em Edifício,Região Metropolitana,Alta,10,18,Concluído
151,2025-10-29 11:32:05,Oct,11,Resgate em Altura,Zona Oeste,Média,34,37,Concluído
152,2025-06-14 11:32:05,Jun,11,APH - Mal Súbito,Zona Oeste,Média,34,84,Concluído
153,2025-03-08 11:32:05,Mar,11,Incêndio Florestal,Centro,Média,5,34,Concluído
154,2025-01-02 11:32:05,Jan,11,Incêndio Florestal,Zona Norte,Baixa,37,13,Concluído
155,2025-12-06 11:32:05,Dec,11,Vazamento de Gás,Região Metropolitana,Alta,8,45,Concluído
156,2025-12-09 11:32:05,Dec,11,Resgate em Altura,Zona Norte,Média,4,15,Concluído
157,2025-08-02 11:32:05,Aug,11,Incêndio em Edifício,Região Metropolitana,Alta,7,20,Cancelado
158,2025-03-04 11:32:05,Mar,11,Incêndio Florestal,Zona Oeste,Baixa,26,23,Concluído
159,2025-11-22 11:32:05,Nov,11,Vazamento de Gás,Zona Norte,Alta,10,27,Concluído
160,2025-02-13 11:32:05,Feb,11,Incêndio em Edifício,Zona Sul,Alta,9,42,Concluído
161,2025-05-16 11:32:05,May,11,Incêndio Florestal,Região Metropolitana,Baixa,36,42,Concluído
162,2025-08-28 11:32:05,Aug,11,Incêndio em Edifício,Zona Norte,Alta,11,44,Cancelado
163,2025-04-21 11:32:05,Apr,11,Vazamento de Gás,Centro,Baixa,1,34,Cancelado
164,2025-11-17 11:32:05,Nov,11,Resgate em Altura,Centro,Média,20,46,Em Andamento
165,2025-11-17 11:32:05,Nov,11,Incêndio Florestal,Centro,Média,29,26,Concluído
166,2025-11-23 11:32:05,Nov,11,Incêndio Florestal,Zona Norte,Média,35,28,Concluído
167,2025-11-30 11:32:05,Nov,11,Incêndio Florestal,Zona Oeste,Baixa,9,27,Concluído
168,2025-08-16 11:32:05,Aug,11,Incêndio em Edifício,Zona Norte,Média,17,47,Concluído
169,2025-04-09 11:32:05,Apr,11,Resgate em Altura,Zona Oeste,Baixa,19,47,Concluído
170,2025-02-21 11:32:05,Feb,11,Resgate em Altura,Região Metropolitana,Baixa,30,42,Concluído
171,2025-05-30 11:32:05,May,11,Resgate em Altura,Região Metropolitana,Alta,7,28,Concluído
172,2025-07-08 11:32:05,Jul,11,Vazamento de Gás,Região Metropolitana,Baixa,9,24,Em Andamento
173,2025-01-25 11:32:05,Jan,11,Acidente Veicular,Zona Oeste,Baixa,14,31,Concluído
174,2025-09-03 11:32:05,Sep,11,APH - Mal Súbito,Zona Norte,Alta,11,54,Em Andamento
175,2025-11-17 11:32:05,Nov,11,Incêndio em Edifício,Centro,Média,19,24,Concluído
176,2025-10-14 11:32:05,Oct,11,Salvamento Aquático,Zona Norte,Baixa,26,39,Concluído
177,2025-11-09 11:32:05,Nov,11,Incêndio Florestal,Zona Sul,Média,23,33,Concluído
178,2025-01-20 11:32:05,Jan,11,Vazamento de Gás,Zona Norte,Média,33,21,Concluído
179,2025-01-25 11:32:05,Jan,11,Salvamento Aquático,Zona Oeste,Baixa,22,17,Concluído
180,2025-08-17 11:32:05,Aug,11,Incêndio em Edifício,Centro,Baixa,1,21,Concluído
181,2025-07-14 11:32:05,Jul,11,Incêndio Florestal,Zona Norte,Média,32,47,Em Andamento
182,2025-01-31 11:32:05,Jan,11,Incêndio em Edifício,Região Metropolitana,Baixa,35,36,Concluído
183,2025-03-14 11:32:05,Mar,11,Incêndio em Edifício,Zona Sul,Alta,6,34,Concluído
184,2025-06-24 11:32:05,Jun,11,Incêndio em Edifício,Centro,Alta,10,39,Cancelado
185,2025-08-13 11:32:05,Aug,11,APH - Mal Súbito,Região Metropolitana,Média,1,60,Cancelado
186,2025-06-16 11:32:05,Jun,11,Incêndio Florestal,Centro,Baixa,16,23,Concluído
187,2025-10-15 11:32:05,Oct,11,Incêndio em Edifício,Zona Norte,Média,21,38,Concluído
188,2025-08-18 11:32:05,Aug,11,Vazamento de Gás,Região Metropolitana,Baixa,15,54,Cancelado
189,2025-04-16 11:32:05,Apr,11,Resgate em Altura,Centro,Média,16,34,Concluído
190,2025-04-15 11:32:05,Apr,11,Vazamento de Gás,Zona Sul,Média,22,41,Concluído
191,2025-05-12 11:32:05,May,11,Incêndio Florestal,Zona Sul,Baixa,32,32,Concluído
192,2025-03-26 11:32:05,Mar,11,Incêndio em Edifício,Zona Oeste,Alta,7,44,Concluído
193,2025-09-25 11:32:05,Sep,11,Incêndio Florestal,Zona Sul,Média,25,32,Concluído
194,2025-03-26 11:32:05,Mar,11,Acidente Veicular,Centro,Média,34,40,Concluído
195,2025-02-25 11:32:05,Feb,11,Incêndio Florestal,Zona Oeste,Média,16,42,Concluído
196,2025-05-21 11:32:05,May,11,Vazamento de Gás,Zona Norte,Média,42,30,Concluído
197,2025-10-30 11:32:05,Oct,11,Resgate em Altura,Zona Sul,Alta,7,24,Concluído
198,2025-06-07 11:32:05,Jun,11,Salvamento Aquático,Zona Sul,Baixa,29,50,Concluído
199,2025-01-09 11:32:05,Jan,11,Salvamento Aquático,Zona Norte,Média,38,38,Concluído
200,2025-08-09 11:32:05,Aug,11,Salvamento Aquático,Centro,Baixa,37,39,Concluído
201,2025-05-22 11:32:05,May,11,Incêndio Florestal,Zona Sul,Média,26,46,Concluído
202,2025-01-13 11:32:05,Jan,11,Acidente Veicular,Zona Oeste,Alta,13,45,Concluído
203,2025-06-02 11:32:05,Jun,11,Resgate em Altura,Centro,Baixa,38,41,Cancelado
204,2025-04-02 11:32:05,Apr,11,Acidente Veicular,Centro,Alta,6,26,Em Andamento
205,2025-03-04 11:32:05,Mar,11,Salvamento Aquático,Zona Oeste,Média,10,14,Em Andamento
206,2025-03-04 11:32:05,Mar,11,Salvamento Aquático,Centro,Baixa,23,56,Concluído
207,2025-08-17 11:32:05,Aug,11,APH - Mal Súbito,Região Metropolitana,Média,21,71,Cancelado
208,2025-04-19 11:32:05,Apr,11,Acidente Veicular,Zona Oeste,Baixa,24,42,Concluído
209,2025-04-27 11:32:05,Apr,11,Incêndio em Edifício,Zona Norte,Alta,8,53,Concluído
210,2025-11-24 11:32:05,Nov,11,Incêndio Florestal,Centro,Alta,8,33,Concluído
211,2025-10-03 11:32:05,Oct,11,Incêndio Florestal,Zona Norte,Média,14,25,Concluído
212,2025-10-17 11:32:05,Oct,11,APH - Mal Súbito,Zona Oeste,Alta,12,66,Concluído
213,2025-07-17 11:32:05,Jul,11,Salvamento Aquático,Zona Norte,Alta,10,2,Concluído
214,2025-01-19 11:32:05,Jan,11,Incêndio Florestal,Zona Sul,Baixa,28,8,Concluído
215,2025-04-14 11:32:05,Apr,11,APH - Mal Súbito,Zona Norte,Média,16,67,Concluído
216,2025-11-28 11:32:05,Nov,11,Incêndio Florestal,Zona Sul,Média,34,7,Concluído
217,2025-06-15 11:32:05,Jun,11,Vazamento de Gás,Zona Sul,Média,41,56,Concluído
218,2025-08-23 11:32:05,Aug,11,Vazamento de Gás,Zona Sul,Baixa,12,46,Em Andamento
219,2025-03-05 11:32:05,Mar,11,Incêndio Florestal,Zona Norte,Média,35,26,Concluído
220,2025-04-16 11:32:05,Apr,11,Salvamento Aquático,Centro,Baixa,27,36,Concluído
221,2025-09-15 11:32:05,Sep,11,Incêndio em Edifício,Região Metropolitana,Alta,7,26,Em Andamento
222,2025-07-25 11:32:05,Jul,11,Acidente Veicular,Zona Norte,Alta,9,57,Concluído
223,2025-07-18 11:32:05,Jul,11,APH - Mal Súbito,Região Metropolitana,Média,17,58,Concluído
224,2025-08-09 11:32:05,Aug,11,Acidente Veicular,Zona Sul,Baixa,29,49,Concluído
225,2025-10-17 11:32:05,Oct,11,APH - Mal Súbito,Região Metropolitana,Média,21,93,Concluído
226,2025-03-31 11:32:05,Mar,11,Salvamento Aquático,Centro,Média,16,7,Concluído
227,2025-11-03 11:32:05,Nov,11,Salvamento Aquático,Zona Norte,Alta,10,20,Concluído
228,2025-01-31 11:32:05,Jan,11,Vazamento de Gás,Zona Norte,Média,33,14,Concluído
229,2025-01-26 11:32:05,Jan,11,APH - Mal Súbito,Zona Sul,Média,29,67,Concluído
230,2025-03-05 11:32:05,Mar,11,Incêndio em Edifício,Zona Oeste,Alta,8,29,Concluído
231,2025-06-17 11:32:05,Jun,11,Incêndio Florestal,Zona Sul,Alta,7,26,Concluído
232,2025-06-29 11:32:05,Jun,11,Resgate em Altura,Zona Norte,Média,20,49,Concluído
233,2025-09-24 11:32:05,Sep,11,Incêndio Florestal,Centro,Média,44,47,Concluído
234,2025-12-03 11:32:05,Dec,11,Resgate em Altura,Zona Norte,Baixa,3,27,Concluído
235,2025-03-31 11:32:05,Mar,11,Resgate em Altura,Zona Norte,Baixa,32,39,Em Andamento
236,2025-08-08 11:32:05,Aug,11,Vazamento de Gás,Centro,Média,37,46,Concluído
237,2025-08-25 11:32:05,Aug,11,Salvamento Aquático,Região Metropolitana,Média,30,70,Concluído
238,2025-09-20 11:32:05,Sep,11,Salvamento Aquático,Região Metropolitana,Média,25,43,Cancelado
239,2025-09-11 11:32:05,Sep,11,Incêndio em Edifício,Zona Sul,Alta,12,21,Concluído
240,2025-10-19 11:32:05,Oct,11,APH - Mal Súbito,Zona Sul,Baixa,24,56,Concluído
241,2025-11-27 11:32:05,Nov,11,Incêndio em Edifício,Zona Norte,Alta,10,42,Concluído
242,2025-10-10 11:32:05,Oct,11,APH - Mal Súbito,Zona Norte,Baixa,27,70,Concluído
243,2025-08-31 11:32:05,Aug,11,Incêndio em Edifício,Centro,Baixa,21,40,Concluído
244,2025-07-03 11:32:05,Jul,11,Salvamento Aquático,Zona Sul,Média,26,39,Concluído
245,2025-10-12 11:32:05,Oct,11,APH - Mal Súbito,Zona Norte,Baixa,16,42,Concluído
246,2025-03-27 11:32:05,Mar,11,Salvamento Aquático,Centro,Baixa,28,70,Concluído
247,2025-08-23 11:32:05,Aug,11,APH - Mal Súbito,Zona Oeste,Baixa,20,57,Concluído
248,2025-01-22 11:32:05,Jan,11,Acidente Veicular,Região Metropolitana,Média,19,42,Concluído
249,2025-03-22 11:32:05,Mar,11,Acidente Veicular,Zona Oeste,Alta,11,25,Concluído
250,2025-05-11 11:32:05,May,11,APH - Mal Súbito,Centro,Baixa,40,40,Concluído
251,2025-03-04 11:32:05,Mar,11,Incêndio Florestal,Zona Oeste,Média,32,64,Concluído
252,2025-09-03 11:32:05,Sep,11,Incêndio Florestal,Região Metropolitana,Alta,4,55,Concluído
253,2025-07-03 11:32:05,Jul,11,Incêndio Florestal,Zona Oeste,Baixa,21,50,Concluído
254,2025-11-12 11:32:05,Nov,11,Resgate em Altura,Centro,Baixa,23,9,Concluído
255,2025-06-04 11:32:05,Jun,11,Incêndio em Edifício,Zona Oeste,Alta,6,1,Concluído
256,2024-12-25 11:32:05,Dec,11,Acidente Veicular,Zona Oeste,Alta,7,19,Concluído
257,2025-11-18 11:32:05,Nov,11,Vazamento de Gás,Centro,Média,34,37,Concluído
258,2024-12-17 11:32:05,Dec,11,Salvamento Aquático,Zona Sul,Média,39,55,Concluído
259,2025-01-17 11:32:05,Jan,11,Incêndio em Edifício,Centro,Alta,10,30,Concluído
260,2025-04-05 11:32:05,Apr,11,Resgate em Altura,Zona Oeste,Baixa,25,46,Concluído
261,2025-11-12 11:32:05,Nov,11,Incêndio Florestal,Zona Sul,Média,6,51,Concluído
262,2025-02-25 11:32:05,Feb,11,Incêndio Florestal,Zona Oeste,Baixa,18,30,Concluído
263,2025-06-03 11:32:05,Jun,11,Incêndio em Edifício,Centro,Alta,9,4,Concluído
264,2025-03-07 11:32:05,Mar,11,Vazamento de Gás,Zona Norte,Média,22,33,Concluído
265,2025-10-02 11:32:05,Oct,11,Incêndio em Edifício,Centro,Baixa,55,20,Concluído
266,2025-09-28 11:32:05,Sep,11,Incêndio em Edifício,Zona Oeste,Alta,9,30,Concluído
267,2025-05-31 11:32:05,May,11,Acidente Veicular,Zona Oeste,Alta,8,4,Concluído
268,2025-11-22 11:32:05,Nov,11,Salvamento Aquático,Zona Sul,Média,23,48,Concluído
269,2025-11-19 11:32:05,Nov,11,Vazamento de Gás,Centro,Baixa,23,28,Concluído
270,2025-04-08 11:32:05,Apr,11,Vazamento de Gás,Zona Sul,Baixa,27,64,Cancelado
271,2025-02-25 11:32:05,Feb,11,APH - Mal Súbito,Zona Norte,Baixa,27,37,Concluído
272,2025-07-01 11:32:05,Jul,11,Salvamento Aquático,Zona Oeste,Alta,11,20,Em Andamento
273,2025-07-07 11:32:05,Jul,11,Incêndio em Edifício,Zona Norte,Alta,10,49,Concluído
274,2025-10-15 11:32:05,Oct,11,Incêndio em Edifício,Zona Norte,Alta,7,47,Em Andamento
275,2025-02-19 11:32:05,Feb,11,Vazamento de Gás,Região Metropolitana,Média,13,23,Concluído
276,2025-01-23 11:32:05,Jan,11,APH - Mal Súbito,Zona Oeste,Média,9,88,Concluído
277,2025-11-04 11:32:05,Nov,11,Salvamento Aquático,Zona Norte,Média,19,34,Concluído
278,2025-02-15 11:32:05,Feb,11,Incêndio Florestal,Região Metropolitana,Média,25,44,Concluído
279,2025-05-31 11:32:05,May,11,Acidente Veicular,Zona Norte,Alta,11,47,Concluído
280,2025-01-11 11:32:05,Jan,11,Acidente Veicular,Zona Norte,Baixa,37,29,Concluído
281,2025-02-20 11:32:05,Feb,11,Acidente Veicular,Zona Oeste,Média,25,34,Concluído
282,2025-04-08 11:32:05,Apr,11,Acidente Veicular,Região Metropolitana,Média,14,16,Cancelado
283,2025-08-10 11:32:05,Aug,11,Salvamento Aquático,Região Metropolitana,Baixa,32,32,Concluído
284,2025-12-05 11:32:05,Dec,11,Vazamento de Gás,Zona Oeste,Alta,11,38,Concluído
285,2025-06-29 11:32:05,Jun,11,Incêndio Florestal,Centro,Alta,8,40,Concluído
286,2025-09-10 11:32:05,Sep,11,Resgate em Altura,Zona Oeste,Alta,11,32,Cancelado
287,2025-12-12 11:32:05,Dec,11,Acidente Veicular,Zona Sul,Alta,9,34,Concluído
288,2025-05-12 11:32:05,May,11,Vazamento de Gás,Região Metropolitana,Baixa,1,12,Concluído
289,2025-11-05 11:32:05,Nov,11,Salvamento Aquático,Região Metropolitana,Baixa,19,44,Concluído
290,2025-03-04 11:32:05,Mar,11,APH - Mal Súbito,Região Metropolitana,Média,12,71,Concluído
291,2024-12-22 11:32:05,Dec,11,APH - Mal Súbito,Zona Norte,Média,7,71,Concluído
292,2025-05-31 11:32:05,May,11,Vazamento de Gás,Zona Oeste,Média,22,32,Em Andamento
293,2025-06-08 11:32:05,Jun,11,Salvamento Aquático,Centro,Baixa,26,61,Cancelado
294,2025-08-20 11:32:05,Aug,11,Incêndio Florestal,Zona Sul,Alta,9,50,Concluído
295,2025-05-04 11:32:05,May,11,Vazamento de Gás,Zona Oeste,Média,21,48,Concluído
296,2025-04-26 11:32:05,Apr,11,Vazamento de Gás,Zona Oeste,Média,30,51,Concluído
297,2025-12-09 11:32:05,Dec,11,Incêndio em Edifício,Zona Norte,Baixa,20,38,Em Andamento
298,2025-05-19 11:32:05,May,11,Resgate em Altura,Região Metropolitana,Baixa,20,55,Cancelado
299,2025-11-16 11:32:05,Nov,11,Resgate em Altura,Zona Oeste,Alta,5,24,Cancelado
300,2025-10-12 11:32:05,Oct,11,Vazamento de Gás,Região Metropolitana,Baixa,17,14,Concluído
301,2024-12-31 11:32:05,Dec,11,Acidente Veicular,Zona Oeste,Alta,9,65,Concluído
302,2025-10-04 11:32:05,Oct,11,Incêndio Florestal,Região Metropolitana,Média,26,50,Concluído
303,2025-05-19 11:32:05,May,11,Incêndio Florestal,Zona Norte,Baixa,31,20,Concluído
304,2025-11-06 11:32:05,Nov,11,APH - Mal Súbito,Região Metropolitana,Baixa,22,60,Concluído
305,2024-12-23 11:32:05,Dec,11,Acidente Veicular,Zona Oeste,Média,27,32,Concluído
306,2025-05-06 11:32:05,May,11,APH - Mal Súbito,Zona Norte,Média,22,79,Concluído
307,2025-08-20 11:32:05,Aug,11,Acidente Veicular,Zona Sul,Alta,8,24,Concluído
308,2025-06-23 11:32:05,Jun,11,Acidente Veicular,Região Metropolitana,Alta,11,11,Concluído
309,2025-05-29 11:32:05,May,11,Salvamento Aquático,Zona Oeste,Baixa,35,35,Concluído
310,2025-10-02 11:32:05,Oct,11,Resgate em Altura,Centro,Alta,14,31,Concluído
311,2025-08-03 11:32:05,Aug,11,APH - Mal Súbito,Zona Norte,Média,42,40,Concluído
312,2024-12-21 11:32:05,Dec,11,Vazamento de Gás,Região Metropolitana,Média,39,55,Concluído
313,2025-02-16 11:32:05,Feb,11,Acidente Veicular,Zona Norte,Alta,7,33,Concluído
314,2024-12-14 11:32:05,Dec,11,Acidente Veicular,Região Metropolitana,Média,29,31,Concluído
315,2025-11-15 11:32:05,Nov,11,Incêndio em Edifício,Zona Sul,Alta,9,43,Concluído
316,2025-02-15 11:32:05,Feb,11,Vazamento de Gás,Região Metropolitana,Baixa,35,46,Concluído
317,2024-12-18 11:32:05,Dec,11,Incêndio em Edifício,Zona Norte,Alta,9,30,Concluído
318,2024-12-28 11:32:05,Dec,11,Incêndio em Edifício,Região Metropolitana,Média,21,49,Concluído
319,2025-03-29 11:32:05,Mar,11,Salvamento Aquático,Centro,Baixa,25,44,Concluído
320,2025-06-03 11:32:05,Jun,11,Acidente Veicular,Zona Norte,Alta,6,29,Concluído
321,2024-12-16 11:32:05,Dec,11,APH - Mal Súbito,Zona Norte,Baixa,17,79,Concluído
322,2025-09-03 11:32:05,Sep,11,Incêndio em Edifício,Centro,Alta,10,61,Concluído
323,2025-11-07 11:32:05,Nov,11,Resgate em Altura,Zona Oeste,Média,23,48,Em Andamento
324,2025-12-13 11:32:05,Dec,11,Acidente Veicular,Centro,Média,17,33,Concluído
325,2025-06-04 11:32:05,Jun,11,Acidente Veicular,Centro,Alta,11,64,Concluído
326,2024-12-20 11:32:05,Dec,11,Incêndio Florestal,Zona Sul,Baixa,16,35,Concluído
327,2024-12-19 11:32:05,Dec,11,Incêndio Florestal,Região Metropolitana,Baixa,31,21,Concluído
328,2025-02-05 11:32:05,Feb,11,Salvamento Aquático,Zona Sul,Baixa,15,45,Concluído
329,2025-07-13 11:32:05,Jul,11,Incêndio Florestal,Zona Norte,Alta,10,42,Concluído
330,2025-02-25 11:32:05,Feb,11,APH - Mal Súbito,Zona Sul,Alta,9,100,Concluído
331,2025-12-01 11:32:05,Dec,11,Acidente Veicular,Zona Sul,Alta,4,17,Em Andamento
332,2025-04-07 11:32:05,Apr,11,Resgate em Altura,Centro,Média,28,30,Concluído
333,2025-04-18 11:32:05,Apr,11,Incêndio em Edifício,Zona Oeste,Média,43,36,Concluído
334,2025-09-20 11:32:05,Sep,11,Incêndio em Edifício,Região Metropolitana,Alta,8,48,Concluído
335,2025-07-28 11:32:05,Jul,11,Salvamento Aquático,Região Metropolitana,Média,36,17,Concluído
336,2025-06-23 11:32:05,Jun,11,APH - Mal Súbito,Zona Sul,Média,13,55,Concluído
337,2025-02-15 11:32:05,Feb,11,Incêndio em Edifício,Zona Oeste,Média,35,37,Concluído
338,2025-10-12 11:32:05,Oct,11,Incêndio em Edifício,Centro,Média,16,23,Concluído
339,2025-11-01 11:32:05,Nov,11,Resgate em Altura,Zona Oeste,Alta,6,39,Concluído
340,2025-09-02 11:32:05,Sep,11,Incêndio em Edifício,Zona Sul,Média,11,54,Concluído
341,2025-11-26 11:32:05,Nov,11,Acidente Veicular,Região Metropolitana,Alta,6,17,Concluído
342,2025-08-19 11:32:05,Aug,11,Incêndio Florestal,Zona Sul,Baixa,26,46,Concluído
343,2025-01-03 11:32:05,Jan,11,Incêndio em Edifício,Centro,Média,24,27,Concluído
344,2025-07-08 11:32:05,Jul,11,Salvamento Aquático,Região Metropolitana,Média,40,30,Concluído
345,2025-10-03 11:32:05,Oct,11,Salvamento Aquático,Zona Oeste,Baixa,29,40,Concluído
346,2025-05-25 11:32:05,May,11,Incêndio Florestal,Região Metropolitana,Média,20,2,Concluído
347,2025-09-30 11:32:05,Sep,11,Salvamento Aquático,Zona Oeste,Baixa,35,47,Concluído
348,2025-05-21 11:32:05,May,11,Acidente Veicular,Zona Oeste,Alta,6,55,Concluído
349,2025-06-22 11:32:05,Jun,11,Incêndio Florestal,Zona Sul,Baixa,30,42,Concluído
350,2025-11-09 11:32:05,Nov,11,APH - Mal Súbito,Centro,Baixa,32,72,Concluído
351,2025-06-26 11:32:05,Jun,11,Salvamento Aquático,Zona Sul,Baixa,23,47,Concluído
352,2025-06-01 11:32:05,Jun,11,Incêndio em Edifício,Centro,Alta,10,53,Concluído
353,2025-06-29 11:32:05,Jun,11,APH - Mal Súbito,Zona Oeste,Baixa,25,73,Concluído
354,2025-12-04 11:32:05,Dec,11,Incêndio Florestal,Região Metropolitana,Baixa,16,50,Concluído
355,2025-07-08 11:32:05,Jul,11,Incêndio em Edifício,Centro,Média,29,61,Concluído
356,2025-04-23 11:32:05,Apr,11,Salvamento Aquático,Centro,Alta,10,43,Concluído
357,2025-09-14 11:32:05,Sep,11,Incêndio Florestal,Centro,Baixa,32,53,Concluído
358,2025-07-08 11:32:05,Jul,11,APH - Mal Súbito,Zona Oeste,Baixa,46,78,Concluído
359,2025-07-04 11:32:05,Jul,11,Acidente Veicular,Centro,Média,41,36,Concluído
360,2025-09-22 11:32:05,Sep,11,Salvamento Aquático,Centro,Média,21,30,Concluído
361,2025-03-21 11:32:05,Mar,11,Salvamento Aquático,Zona Norte,Alta,11,23,Concluído
362,2025-09-20 11:32:05,Sep,11,Resgate em Altura,Zona Oeste,Média,32,36,Concluído
363,2025-02-04 11:32:05,Feb,11,Acidente Veicular,Centro,Alta,10,37,Em Andamento
364,2025-02-25 11:32:05,Feb,11,Salvamento Aquático,Centro,Média,25,35,Concluído
365,2025-08-15 11:32:05,Aug,11,Vazamento de Gás,Zona Oeste,Média,20,16,Concluído
366,2025-11-21 11:32:05,Nov,11,APH - Mal Súbito,Centro,Média,23,56,Concluído
367,2025-02-03 11:32:05,Feb,11,Incêndio Florestal,Zona Oeste,Média,1,54,Concluído
368,2025-10-29 11:32:05,Oct,11,Incêndio em Edifício,Zona Oeste,Média,10,46,Concluído
369,2025-06-20 11:32:05,Jun,11,Acidente Veicular,Centro,Baixa,17,30,Concluído
370,2025-06-11 11:32:05,Jun,11,Incêndio Florestal,Zona Norte,Baixa,41,15,Concluído
371,2025-02-04 11:32:05,Feb,11,Resgate em Altura,Zona Norte,Média,35,17,Concluído
372,2025-05-24 11:32:05,May,11,Acidente Veicular,Centro,Alta,11,40,Cancelado
373,2025-06-24 11:32:05,Jun,11,Incêndio em Edifício,Centro,Baixa,17,22,Concluído
374,2025-06-24 11:32:05,Jun,11,Incêndio em Edifício,Zona Sul,Alta,13,26,Concluído
375,2025-02-17 11:32:05,Feb,11,Incêndio em Edifício,Zona Sul,Média,17,31,Concluído
376,2025-11-12 11:32:05,Nov,11,Resgate em Altura,Região Metropolitana,Baixa,18,59,Concluído
377,2025-02-06 11:32:05,Feb,11,Vazamento de Gás,Zona Oeste,Baixa,40,37,Concluído
378,2025-05-04 11:32:05,May,11,Resgate em Altura,Zona Norte,Baixa,42,57,Cancelado
379,2025-11-20 11:32:05,Nov,11,Resgate em Altura,Região Metropolitana,Baixa,32,35,Em Andamento
380,2025-02-02 11:32:05,Feb,11,APH - Mal Súbito,Zona Norte,Baixa,31,81,Concluído
381,2025-01-01 11:32:05,Jan,11,Acidente Veicular,Região Metropolitana,Média,40,63,Cancelado
382,2025-11-19 11:32:05,Nov,11,Incêndio em Edifício,Região Metropolitana,Alta,11,24,Concluído
383,2025-05-24 11:32:05,May,11,Incêndio Florestal,Centro,Alta,10,42,Concluído
384,2025-04-25 11:32:05,Apr,11,Incêndio em Edifício,Zona Sul,Alta,9,35,Em Andamento
385,2025-07-08 11:32:05,Jul,11,Vazamento de Gás,Região Metropolitana,Baixa,29,29,Concluído
386,2025-08-06 11:32:05,Aug,11,Incêndio Florestal,Zona Norte,Média,35,38,Concluído
387,2025-05-13 11:32:05,May,11,APH - Mal Súbito,Zona Sul,Média,16,91,Concluído
388,2025-03-31 11:32:05,Mar,11,Incêndio em Edifício,Zona Oeste,Média,34,48,Concluído
389,2025-08-20 11:32:05,Aug,11,Vazamento de Gás,Região Metropolitana,Média,31,12,Concluído
390,2025-11-06 11:32:05,Nov,11,Vazamento de Gás,Centro,Média,15,51,Concluído
391,2025-11-05 11:32:05,Nov,11,Incêndio em Edifício,Zona Norte,Alta,12,49,Em Andamento
392,2025-08-09 11:32:05,Aug,11,Acidente Veicular,Zona Oeste,Alta,9,14,Concluído
393,2025-09-17 11:32:05,Sep,11,Vazamento de Gás,Centro,Média,32,32,Concluído
394,2025-05-19 11:32:05,May,11,APH - Mal Súbito,Centro,Baixa,33,63,Concluído
395,2025-01-07 11:32:05,Jan,11,Incêndio Florestal,Zona Sul,Baixa,21,27,Concluído
396,2025-09-05 11:32:05,Sep,11,Resgate em Altura,Zona Oeste,Média,23,61,Concluído
397,2025-03-18 11:32:05,Mar,11,Resgate em Altura,Zona Norte,Baixa,31,43,Concluído
398,2025-01-02 11:32:05,Jan,11,Salvamento Aquático,Zona Sul,Média,8,30,Concluído
399,2025-03-28 11:32:05,Mar,11,Incêndio em Edifício,Zona Sul,Alta,12,25,Concluído
400,2024-12-27 11:32:05,Dec,11,Resgate em Altura,Zona Oeste,Média,26,56,Concluído
401,2025-01-20 11:32:05,Jan,11,Salvamento Aquático,Centro,Média,37,46,Concluído
402,2025-04-17 11:32:05,Apr,11,Acidente Veicular,Região Metropolitana,Alta,13,30,Concluído
403,2025-10-30 11:32:05,Oct,11,APH - Mal Súbito,Região Metropolitana,Média,13,79,Concluído
404,2024-12-20 11:32:05,Dec,11,Salvamento Aquático,Zona Sul,Média,31,15,Concluído
405,2025-09-28 11:32:05,Sep,11,Vazamento de Gás,Zona Norte,Baixa,20,27,Concluído
406,2025-05-31 11:32:05,May,11,Salvamento Aquático,Região Metropolitana,Média,22,36,Em Andamento
407,2025-02-08 11:32:05,Feb,11,APH - Mal Súbito,Centro,Média,33,51,Concluído
408,2025-10-21 11:32:05,Oct,11,Vazamento de Gás,Centro,Baixa,22,55,Em Andamento
409,2025-01-27 11:32:05,Jan,11,Acidente Veicular,Centro,Média,36,8,Concluído
410,2025-01-13 11:32:05,Jan,11,Salvamento Aquático,Zona Oeste,Média,41,24,Em Andamento
411,2025-07-05 11:32:05,Jul,11,Incêndio Florestal,Centro,Alta,10,35,Concluído
412,2025-01-08 11:32:05,Jan,11,Salvamento Aquático,Zona Oeste,Baixa,12,47,Concluído
413,2024-12-27 11:32:05,Dec,11,APH - Mal Súbito,Região Metropolitana,Baixa,18,70,Concluído
414,2025-08-25 11:32:05,Aug,11,Resgate em Altura,Zona Norte,Média,25,27,Concluído
415,2025-09-27 11:32:05,Sep,11,Incêndio Florestal,Centro,Baixa,9,15,Concluído
416,2025-01-19 11:32:05,Jan,11,Vazamento de Gás,Zona Norte,Média,5,28,Em Andamento
417,2025-10-26 11:32:05,Oct,11,Salvamento Aquático,Zona Sul,Baixa,7,49,Concluído
418,2025-02-18 11:32:05,Feb,11,Salvamento Aquático,Zona Sul,Baixa,7,12,Concluído
419,2025-05-25 11:32:05,May,11,Salvamento Aquático,Zona Oeste,Média,16,30,Concluído
420,2025-11-02 11:32:05,Nov,11,Incêndio Florestal,Zona Sul,Média,27,27,Concluído
421,2025-11-02 11:32:05,Nov,11,Salvamento Aquático,Zona Oeste,Baixa,23,27,Concluído
422,2025-03-09 11:32:05,Mar,11,Incêndio Florestal,Zona Sul,Baixa,46,29,Concluído
423,2025-05-27 11:32:05,May,11,Incêndio Florestal,Zona Sul,Média,24,31,Concluído
424,2025-07-26 11:32:05,Jul,11,Incêndio Florestal,Centro,Baixa,39,30,Concluído
425,2025-07-16 11:32:05,Jul,11,Vazamento de Gás,Zona Sul,Alta,12,37,Concluído
426,2025-06-07 11:32:05,Jun,11,Incêndio Florestal,Centro,Baixa,45,40,Em Andamento
427,2025-10-04 11:32:05,Oct,11,Incêndio Florestal,Região Metropolitana,Média,30,1,Concluído
428,2025-05-12 11:32:05,May,11,Acidente Veicular,Região Metropolitana,Alta,8,28,Concluído
429,2025-06-03 11:32:05,Jun,11,Resgate em Altura,Região Metropolitana,Média,29,40,Concluído
430,2025-06-24 11:32:05,Jun,11,Acidente Veicular,Região Metropolitana,Alta,10,12,Concluído
431,2025-06-01 11:32:05,Jun,11,APH - Mal Súbito,Região Metropolitana,Alta,9,84,Concluído
432,2025-05-16 11:32:05,May,11,APH - Mal Súbito,Centro,Média,9,70,Concluído
433,2025-08-16 11:32:05,Aug,11,APH - Mal Súbito,Zona Norte,Baixa,21,46,Concluído
434,2025-01-02 11:32:05,Jan,11,APH - Mal Súbito,Zona Norte,Média,16,64,Concluído
435,2025-10-01 11:32:05,Oct,11,Acidente Veicular,Zona Oeste,Média,33,49,Concluído
436,2025-06-09 11:32:05,Jun,11,APH - Mal Súbito,Centro,Baixa,35,57,Concluído
437,2025-12-06 11:32:05,Dec,11,Salvamento Aquático,Região Metropolitana,Baixa,22,32,Concluído
438,2025-03-05 11:32:05,Mar,11,Incêndio em Edifício,Zona Sul,Alta,10,24,Em Andamento
439,2025-07-28 11:32:05,Jul,11,Acidente Veicular,Centro,Alta,10,43,Concluído
440,2025-09-26 11:32:05,Sep,11,Vazamento de Gás,Zona Norte,Baixa,30,6,Concluído
441,2025-06-08 11:32:05,Jun,11,Salvamento Aquático,Região Metropolitana,Alta,10,23,Concluído
442,2025-10-15 11:32:05,Oct,11,Acidente Veicular,Zona Sul,Alta,12,46,Concluído
443,2025-05-16 11:32:05,May,11,Salvamento Aquático,Zona Norte,Média,25,13,Concluído
444,2025-03-03 11:32:05,Mar,11,Incêndio em Edifício,Zona Sul,Alta,10,12,Concluído
445,2025-11-20 11:32:05,Nov,11,Incêndio em Edifício,Zona Oeste,Alta,10,44,Concluído
446,2025-02-25 11:32:05,Feb,11,Salvamento Aquático,Região Metropolitana,Média,24,66,Concluído
447,2025-11-18 11:32:05,Nov,11,Acidente Veicular,Zona Sul,Média,16,43,Concluído
448,2025-04-18 11:32:05,Apr,11,APH - Mal Súbito,Região Metropolitana,Baixa,19,54,Concluído
449,2025-06-18 11:32:05,Jun,11,APH - Mal Súbito,Região Metropolitana,Baixa,32,38,Concluído
450,2025-12-04 11:32:05,Dec,11,Incêndio Florestal,Centro,Média,15,45,Concluído
451,2025-12-08 11:32:05,Dec,11,Resgate em Altura,Região Metropolitana,Baixa,30,44,Em Andamento
452,2025-05-27 11:32:05,May,11,Acidente Veicular,Zona Oeste,Média,16,20,Em Andamento
453,2025-08-23 11:32:05,Aug,11,Incêndio em Edifício,Centro,Alta,7,51,Concluído
454,2025-10-06 11:32:05,Oct,11,APH - Mal Súbito,Centro,Média,13,74,Concluído
455,2025-07-26 11:32:05,Jul,11,APH - Mal Súbito,Centro,Média,6,78,Concluído
456,2025-11-25 11:32:05,Nov,11,Incêndio Florestal,Centro,Alta,9,22,Concluído
457,2025-07-04 11:32:05,Jul,11,Incêndio Florestal,Zona Norte,Média,26,29,Concluído
458,2025-01-04 11:32:05,Jan,11,Vazamento de Gás,Centro,Baixa,24,15,Concluído
459,2025-09-24 11:32:05,Sep,11,APH - Mal Súbito,Região Metropolitana,Média,31,67,Concluído
460,2025-02-24 11:32:05,Feb,11,Salvamento Aquático,Zona Norte,Média,25,26,Concluído
461,2025-08-04 11:32:05,Aug,11,Acidente Veicular,Zona Sul,Baixa,42,4,Concluído
462,2024-12-26 11:32:05,Dec,11,Incêndio Florestal,Zona Norte,Baixa,9,48,Concluído
463,2025-03-30 11:32:05,Mar,11,APH - Mal Súbito,Zona Norte,Baixa,15,58,Cancelado
464,2025-11-10 11:32:05,Nov,11,Resgate em Altura,Zona Oeste,Média,23,42,Concluído
465,2025-09-02 11:32:05,Sep,11,Acidente Veicular,Zona Sul,Alta,10,30,Concluído
466,2025-04-07 11:32:05,Apr,11,Vazamento de Gás,Região Metropolitana,Alta,9,39,Concluído
467,2025-05-22 11:32:05,May,11,Acidente Veicular,Centro,Baixa,21,48,Concluído
468,2025-01-22 11:32:05,Jan,11,Acidente Veicular,Centro,Média,22,25,Concluído
469,2025-04-25 11:32:05,Apr,11,APH - Mal Súbito,Zona Sul,Média,29,78,Concluído
470,2025-02-03 11:32:05,Feb,11,Salvamento Aquático,Zona Norte,Média,27,35,Concluído
471,2025-03-17 11:32:05,Mar,11,Acidente Veicular,Centro,Alta,9,35,Concluído
472,2025-03-19 11:32:05,Mar,11,Salvamento Aquático,Centro,Média,28,37,Concluído
473,2025-10-12 11:32:05,Oct,11,Vazamento de Gás,Centro,Baixa,25,36,Concluído
474,2025-02-12 11:32:05,Feb,11,Resgate em Altura,Zona Sul,Alta,11,63,Concluído
475,2025-04-28 11:32:05,Apr,11,Resgate em Altura,Centro,Média,25,46,Concluído
476,2025-06-30 11:32:05,Jun,11,APH - Mal Súbito,Região Metropolitana,Média,31,90,Concluído
477,2025-03-23 11:32:05,Mar,11,Incêndio Florestal,Zona Norte,Média,8,31,Concluído
478,2025-12-06 11:32:05,Dec,11,Vazamento de Gás,Zona Sul,Baixa,26,52,Em Andamento
479,2024-12-14 11:32:05,Dec,11,APH - Mal Súbito,Região Metropolitana,Média,48,77,Concluído
480,2025-05-12 11:32:05,May,11,Acidente Veicular,Região Metropolitana,Baixa,14,27,Concluído
481,2025-06-12 11:32:05,Jun,11,Acidente Veicular,Zona Oeste,Alta,10,20,Concluído
482,2025-10-25 11:32:05,Oct,11,Incêndio Florestal,Zona Norte,Média,31,45,Concluído
483,2025-11-13 11:32:05,Nov,11,APH - Mal Súbito,Região Metropolitana,Alta,10,81,Cancelado
484,2025-01-20 11:32:05,Jan,11,Salvamento Aquático,Zona Oeste,Baixa,26,38,Concluído
485,2025-01-16 11:32:05,Jan,11,Resgate em Altura,Zona Norte,Baixa,8,37,Concluído
486,2025-01-16 11:32:05,Jan,11,Resgate em Altura,Centro,Média,24,63,Concluído
487,2025-05-28 11:32:05,May,11,APH - Mal Súbito,Zona Norte,Baixa,26,68,Concluído
488,2025-10-17 11:32:05,Oct,11,APH - Mal Súbito,Zona Oeste,Baixa,19,100,Concluído
489,2025-10-29 11:32:05,Oct,11,Acidente Veicular,Zona Norte,Alta,5,34,Cancelado
490,2025-03-12 11:32:05,Mar,11,Resgate em Altura,Centro,Média,11,1,Concluído
491,2025-08-19 11:32:05,Aug,11,Vazamento de Gás,Zona Oeste,Alta,13,33,Concluído
492,2025-11-03 11:32:05,Nov,11,Incêndio em Edifício,Centro,Alta,12,52,Concluído
493,2025-07-27 11:32:05,Jul,11,Incêndio Florestal,Região Metropolitana,Baixa,26,23,Concluído
494,2024-12-31 11:32:05,Dec,11,Salvamento Aquático,Zona Oeste,Média,28,49,Em Andamento
495,2025-02-08 11:32:05,Feb,11,Vazamento de Gás,Centro,Baixa,49,16,Concluído
496,2025-04-01 11:32:05,Apr,11,Resgate em Altura,Zona Oeste,Baixa,39,33,Concluído
497,2025-04-17 11:32:05,Apr,11,APH - Mal Súbito,Zona Norte,Média,14,73,Em Andamento
498,2025-12-13 11:32:05,Dec,11,Incêndio Florestal,Centro,Baixa,13,31,Concluído
499,2025-12-13 11:32:05,Dec,11,Salvamento Aquático,Zona Norte,Baixa,31,16,Concluído
500,2025-03-17 11:32:05,Mar,11,Resgate em Altura,Região Metropolitana,Baixa,21,54,Concluído
501,2025-08-15 11:32:05,Aug,11,Incêndio Florestal,Zona Norte,Baixa,49,59,Concluído
502,2025-01-15 11:32:05,Jan,11,Incêndio em Edifício,Centro,Média,13,53,Concluído
503,2025-05-31 11:32:05,May,11,APH - Mal Súbito,Zona Norte,Média,2,60,Concluído
504,2025-05-11 11:32:05,May,11,Resgate em Altura,Centro,Baixa,23,43,Concluído
505,2025-08-03 11:32:05,Aug,11,Incêndio Florestal,Zona Oeste,Média,30,28,Concluído
506,2025-04-23 11:32:05,Apr,11,Vazamento de Gás,Zona Sul,Baixa,28,39,Concluído
507,2025-08-14 11:32:05,Aug,11,APH - Mal Súbito,Região Metropolitana,Média,37,66,Concluído
508,2025-10-01 11:32:05,Oct,11,Salvamento Aquático,Zona Sul,Média,32,18,Concluído
509,2025-10-09 11:32:05,Oct,11,Acidente Veicular,Zona Sul,Média,14,42,Concluído
510,2025-12-06 11:32:05,Dec,11,Salvamento Aquático,Zona Oeste,Média,21,22,Cancelado
511,2025-05-21 11:32:05,May,11,Incêndio Florestal,Centro,Média,45,25,Concluído
512,2025-10-21 11:32:05,Oct,11,Salvamento Aquático,Zona Oeste,Média,26,22,Concluído
513,2025-04-21 11:32:05,Apr,11,Acidente Veicular,Zona Oeste,Baixa,19,32,Concluído
514,2025-08-07 11:32:05,Aug,11,Salvamento Aquático,Centro,Baixa,10,50,Cancelado
515,2025-12-13 11:32:05,Dec,11,APH - Mal Súbito,Zona Oeste,Média,24,71,Concluído
516,2025-05-26 11:32:05,May,11,Acidente Veicular,Região Metropolitana,Baixa,25,28,Concluído
517,2025-07-26 11:32:05,Jul,11,Salvamento Aquático,Zona Oeste,Média,18,48,Concluído
518,2025-05-15 11:32:05,May,11,Vazamento de Gás,Região Metropolitana,Média,30,18,Concluído
519,2025-11-09 11:32:05,Nov,11,Vazamento de Gás,Zona Norte,Baixa,31,61,Concluído
520,2025-02-09 11:32:05,Feb,11,Incêndio em Edifício,Zona Oeste,Média,25,38,Cancelado
521,2025-01-18 11:32:05,Jan,11,APH - Mal Súbito,Zona Norte,Baixa,19,70,Concluído
522,2025-10-02 11:32:05,Oct,11,Resgate em Altura,Zona Norte,Alta,11,28,Concluído
523,2025-12-14 11:32:05,Dec,11,Resgate em Altura,Centro,Média,15,40,Concluído
524,2025-02-24 11:32:05,Feb,11,Resgate em Altura,Região Metropolitana,Média,25,61,Em Andamento
525,2025-08-25 11:32:05,Aug,11,Acidente Veicular,Zona Sul,Alta,8,17,Concluído
526,2025-02-14 11:32:05,Feb,11,Acidente Veicular,Zona Sul,Média,28,35,Cancelado
527,2025-07-23 11:32:05,Jul,11,Resgate em Altura,Zona Oeste,Baixa,18,30,Concluído
528,2025-11-12 11:32:05,Nov,11,APH - Mal Súbito,Zona Sul,Média,16,86,Concluído
529,2025-05-10 11:32:05,May,11,APH - Mal Súbito,Centro,Baixa,11,64,Concluído
530,2025-07-15 11:32:05,Jul,11,Resgate em Altura,Centro,Baixa,19,31,Concluído
531,2025-07-27 11:32:05,Jul,11,Acidente Veicular,Região Metropolitana,Alta,8,58,Concluído
532,2025-11-05 11:32:05,Nov,11,Resgate em Altura,Zona Sul,Baixa,13,33,Concluído
533,2025-09-10 11:32:05,Sep,11,Acidente Veicular,Zona Oeste,Média,35,41,Concluído
534,2025-04-22 11:32:05,Apr,11,APH - Mal Súbito,Centro,Baixa,22,69,Concluído
535,2025-10-07 11:32:05,Oct,11,Resgate em Altura,Zona Norte,Baixa,25,45,Concluído
536,2024-12-14 11:32:05,Dec,11,Salvamento Aquático,Zona Sul,Alta,13,57,Concluído
537,2025-05-08 11:32:05,May,11,Vazamento de Gás,Zona Oeste,Média,2,22,Concluído
538,2025-09-15 11:32:05,Sep,11,Resgate em Altura,Zona Sul,Média,24,1,Concluído
539,2025-07-28 11:32:05,Jul,11,APH - Mal Súbito,Zona Norte,Média,15,70,Concluído
540,2025-09-12 11:32:05,Sep,11,Acidente Veicular,Região Metropolitana,Média,30,7,Concluído
541,2025-02-06 11:32:05,Feb,11,Vazamento de Gás,Região Metropolitana,Média,30,71,Concluído
542,2025-03-23 11:32:05,Mar,11,Acidente Veicular,Região Metropolitana,Média,35,34,Concluído
543,2025-06-05 11:32:05,Jun,11,Vazamento de Gás,Centro,Baixa,36,23,Concluído
544,2025-02-01 11:32:05,Feb,11,APH - Mal Súbito,Região Metropolitana,Média,37,73,Em Andamento
545,2025-01-02 11:32:05,Jan,11,Incêndio em Edifício,Zona Oeste,Alta,9,12,Concluído
546,2025-10-04 11:32:05,Oct,11,Resgate em Altura,Centro,Média,28,18,Concluído
547,2025-07-28 11:32:05,Jul,11,Incêndio Florestal,Região Metropolitana,Alta,8,25,Concluído
548,2025-03-29 11:32:05,Mar,11,Resgate em Altura,Zona Oeste,Baixa,23,30,Em Andamento
549,2025-09-26 11:32:05,Sep,11,Vazamento de Gás,Zona Oeste,Baixa,13,39,Concluído
550,2025-06-06 11:32:05,Jun,11,Salvamento Aquático,Zona Norte,Baixa,17,34,Concluído
551,2025-08-10 11:32:05,Aug,11,Salvamento Aquático,Zona Sul,Baixa,19,40,Concluído
552,2025-02-19 11:32:05,Feb,11,Incêndio Florestal,Centro,Baixa,23,42,Concluído
553,2025-07-31 11:32:05,Jul,11,APH - Mal Súbito,Zona Sul,Baixa,8,64,Concluído
554,2025-09-01 11:32:05,Sep,11,Incêndio Florestal,Região Metropolitana,Baixa,17,36,Concluído
555,2025-07-02 11:32:05,Jul,11,Vazamento de Gás,Zona Norte,Média,24,32,Concluído
556,2025-10-23 11:32:05,Oct,11,APH - Mal Súbito,Região Metropolitana,Alta,9,58,Concluído
557,2025-06-01 11:32:05,Jun,11,Vazamento de Gás,Centro,Baixa,26,37,Concluído
558,2025-09-17 11:32:05,Sep,11,Vazamento de Gás,Centro,Alta,9,32,Concluído
559,2025-10-24 11:32:05,Oct,11,Salvamento Aquático,Centro,Baixa,16,37,Concluído
560,2025-09-19 11:32:05,Sep,11,Vazamento de Gás,Centro,Baixa,15,30,Concluído
561,2025-09-18 11:32:05,Sep,11,Vazamento de Gás,Região Metropolitana,Média,23,27,Concluído
562,2025-08-21 11:32:05,Aug,11,Resgate em Altura,Região Metropolitana,Média,7,31,Concluído
563,2025-06-06 11:32:05,Jun,11,Salvamento Aquático,Zona Sul,Média,25,44,Concluído
564,2025-10-28 11:32:05,Oct,11,Incêndio em Edifício,Centro,Alta,8,42,Concluído
565,2025-03-21 11:32:05,Mar,11,Incêndio em Edifício,Zona Sul,Alta,8,32,Concluído
566,2025-02-18 11:32:05,Feb,11,APH - Mal Súbito,Região Metropolitana,Média,11,55,Cancelado
567,2025-10-26 11:32:05,Oct,11,Resgate em Altura,Zona Sul,Baixa,27,45,Concluído
568,2025-01-24 11:32:05,Jan,11,Resgate em Altura,Zona Norte,Média,38,54,Concluído
569,2025-07-30 11:32:05,Jul,11,APH - Mal Súbito,Região Metropolitana,Média,24,79,Concluído
570,2025-08-28 11:32:05,Aug,11,Incêndio Florestal,Zona Norte,Alta,11,57,Concluído
571,2025-06-14 11:32:05,Jun,11,Incêndio Florestal,Região Metropolitana,Média,21,29,Cancelado
572,2025-11-28 11:32:05,Nov,11,Acidente Veicular,Região Metropolitana,Alta,9,22,Concluído
573,2025-04-18 11:32:05,Apr,11,Salvamento Aquático,Zona Sul,Baixa,29,33,Concluído
574,2025-10-04 11:32:05,Oct,11,Incêndio em Edifício,Região Metropolitana,Alta,12,19,Concluído
575,2025-11-19 11:32:05,Nov,11,Salvamento Aquático,Zona Norte,Baixa,27,30,Concluído
576,2025-06-04 11:32:05,Jun,11,Acidente Veicular,Zona Oeste,Alta,12,41,Concluído
577,2025-07-28 11:32:05,Jul,11,Acidente Veicular,Região Metropolitana,Alta,8,42,Concluído
578,2025-10-27 11:32:05,Oct,11,Salvamento Aquático,Região Metropolitana,Alta,6,48,Concluído
579,2025-05-13 11:32:05,May,11,Incêndio em Edifício,Centro,Alta,9,34,Concluído
580,2025-11-23 11:32:05,Nov,11,Salvamento Aquático,Zona Oeste,Alta,10,40,Concluído
581,2025-05-06 11:32:05,May,11,Incêndio Florestal,Zona Sul,Baixa,12,18,Concluído
582,2025-06-15 11:32:05,Jun,11,Incêndio em Edifício,Centro,Alta,10,56,Concluído
583,2025-04-18 11:32:05,Apr,11,Vazamento de Gás,Zona Oeste,Baixa,18,44,Concluído
584,2025-07-24 11:32:05,Jul,11,Incêndio Florestal,Centro,Baixa,16,18,Cancelado
585,2025-04-09 11:32:05,Apr,11,Incêndio em Edifício,Zona Oeste,Baixa,21,46,Concluído
586,2025-09-19 11:32:05,Sep,11,Incêndio Florestal,Região Metropolitana,Média,27,42,Concluído
587,2025-07-18 11:32:05,Jul,11,Acidente Veicular,Zona Norte,Alta,10,28,Concluído
588,2025-10-23 11:32:05,Oct,11,Incêndio em Edifício,Zona Norte,Alta,12,27,Concluído
589,2025-06-28 11:32:05,Jun,11,Salvamento Aquático,Zona Norte,Baixa,32,40,Concluído
590,2025-05-08 11:32:05,May,11,Vazamento de Gás,Zona Sul,Baixa,9,42,Concluído
591,2025-07-04 11:32:05,Jul,11,Vazamento de Gás,Zona Sul,Baixa,18,27,Concluído
592,2025-10-13 11:32:05,Oct,11,Salvamento Aquático,Zona Oeste,Baixa,29,23,Concluído
593,2025-04-15 11:32:05,Apr,11,Salvamento Aquático,Zona Norte,Média,13,30,Concluído
594,2025-02-07 11:32:05,Feb,11,Acidente Veicular,Zona Norte,Alta,8,24,Em Andamento
595,2025-04-28 11:32:05,Apr,11,Acidente Veicular,Zona Sul,Média,15,55,Concluído
596,2025-01-13 11:32:05,Jan,11,Acidente Veicular,Zona Oeste,Média,40,51,Concluído
597,2025-11-17 11:32:05,Nov,11,Salvamento Aquático,Região Metropolitana,Baixa,21,59,Concluído
598,2025-05-17 11:32:05,May,11,Incêndio em Edifício,Zona Norte,Alta,10,48,Concluído
599,2025-08-23 11:32:05,Aug,11,APH - Mal Súbito,Zona Sul,Baixa,26,68,Concluído
600,2025-02-19 11:32:05,Feb,11,Vazamento de Gás,Zona Sul,Média,13,29,Concluído
601,2025-02-16 11:32:05,Feb,11,Salvamento Aquático,Zona Norte,Média,16,48,Concluído
602,2025-07-08 11:32:05,Jul,11,APH - Mal Súbito,Região Metropolitana,Baixa,25,69,Concluído
603,2025-04-07 11:32:05,Apr,11,Vazamento de Gás,Zona Oeste,Baixa,9,49,Concluído
604,2025-03-03 11:32:05,Mar,11,Incêndio em Edifício,Centro,Baixa,33,19,Concluído
605,2025-10-10 11:32:05,Oct,11,Resgate em Altura,Zona Norte,Média,26,58,Concluído
606,2025-02-15 11:32:05,Feb,11,Salvamento Aquático,Zona Norte,Baixa,23,14,Concluído
607,2025-10-01 11:32:05,Oct,11,APH - Mal Súbito,Zona Oeste,Baixa,36,68,Concluído
608,2025-09-01 11:32:05,Sep,11,APH - Mal Súbito,Região Metropolitana,Baixa,16,60,Concluído
609,2025-09-30 11:32:05,Sep,11,Incêndio em Edifício,Região Metropolitana,Alta,11,30,Concluído
610,2025-06-28 11:32:05,Jun,11,Salvamento Aquático,Zona Norte,Baixa,29,34,Concluído
611,2025-08-31 11:32:05,Aug,11,Acidente Veicular,Zona Sul,Alta,11,11,Concluído
612,2025-10-25 11:32:05,Oct,11,Vazamento de Gás,Centro,Baixa,21,34,Em Andamento
613,2025-09-02 11:32:05,Sep,11,Vazamento de Gás,Zona Norte,Baixa,30,61,Cancelado
614,2025-06-21 11:32:05,Jun,11,Salvamento Aquático,Região Metropolitana,Baixa,8,44,Concluído
615,2025-10-24 11:32:05,Oct,11,Incêndio em Edifício,Zona Oeste,Alta,11,28,Concluído
616,2025-12-06 11:32:05,Dec,11,Resgate em Altura,Zona Norte,Baixa,25,43,Cancelado
617,2025-04-27 11:32:05,Apr,11,Vazamento de Gás,Região Metropolitana,Baixa,21,31,Concluído
618,2025-08-06 11:32:05,Aug,11,Salvamento Aquático,Centro,Média,25,51,Concluído
619,2025-01-13 11:32:05,Jan,11,Incêndio Florestal,Zona Norte,Baixa,22,57,Concluído
620,2025-01-25 11:32:05,Jan,11,APH - Mal Súbito,Zona Sul,Baixa,23,58,Concluído
621,2025-03-19 11:32:05,Mar,11,APH - Mal Súbito,Região Metropolitana,Média,3,52,Em Andamento
622,2025-03-19 11:32:05,Mar,11,Incêndio em Edifício,Zona Sul,Alta,10,64,Concluído
623,2025-08-13 11:32:05,Aug,11,Resgate em Altura,Centro,Baixa,22,27,Concluído
624,2025-11-10 11:32:05,Nov,11,Acidente Veicular,Zona Oeste,Alta,6,41,Em Andamento
625,2025-05-02 11:32:05,May,11,Resgate em Altura,Zona Oeste,Baixa,25,21,Concluído
626,2025-08-26 11:32:05,Aug,11,Incêndio Florestal,Zona Oeste,Média,34,50,Em Andamento
627,2025-05-05 11:32:05,May,11,Salvamento Aquático,Zona Oeste,Baixa,35,22,Concluído
628,2025-11-01 11:32:05,Nov,11,Vazamento de Gás,Centro,Baixa,25,43,Concluído
629,2025-10-03 11:32:05,Oct,11,Acidente Veicular,Região Metropolitana,Média,31,23,Concluído
630,2025-08-01 11:32:05,Aug,11,Vazamento de Gás,Zona Sul,Baixa,17,48,Concluído
631,2025-05-14 11:32:05,May,11,Incêndio Florestal,Zona Oeste,Baixa,41,56,Concluído
632,2025-04-14 11:32:05,Apr,11,Vazamento de Gás,Zona Sul,Alta,13,29,Concluído
633,2025-06-09 11:32:05,Jun,11,APH - Mal Súbito,Região Metropolitana,Baixa,26,55,Concluído
634,2025-05-07 11:32:05,May,11,Vazamento de Gás,Zona Oeste,Média,1,34,Concluído
635,2025-12-06 11:32:05,Dec,11,Incêndio Florestal,Zona Sul,Baixa,23,28,Concluído
636,2025-08-29 11:32:05,Aug,11,Vazamento de Gás,Zona Oeste,Baixa,37,46,Concluído
637,2025-07-20 11:32:05,Jul,11,Incêndio em Edifício,Zona Oeste,Alta,11,56,Concluído
638,2025-09-06 11:32:05,Sep,11,Incêndio em Edifício,Região Metropolitana,Média,30,50,Concluído
639,2025-11-29 11:32:05,Nov,11,Incêndio em Edifício,Região Metropolitana,Alta,8,13,Em Andamento
640,2025-02-02 11:32:05,Feb,11,Acidente Veicular,Zona Sul,Alta,8,21,Concluído
641,2025-10-08 11:32:05,Oct,11,Incêndio em Edifício,Região Metropolitana,Alta,14,25,Em Andamento
642,2025-06-17 11:32:05,Jun,11,Salvamento Aquático,Zona Oeste,Média,21,58,Concluído
643,2025-01-17 11:32:05,Jan,11,Incêndio Florestal,Zona Sul,Baixa,27,32,Concluído
644,2025-09-13 11:32:05,Sep,11,Vazamento de Gás,Região Metropolitana,Baixa,32,29,Concluído
645,2025-12-02 11:32:05,Dec,11,Incêndio Florestal,Zona Oeste,Média,26,36,Em Andamento
646,2025-08-20 11:32:05,Aug,11,Incêndio Florestal,Zona Norte,Baixa,14,30,Concluído
647,2025-02-19 11:32:05,Feb,11,Acidente Veicular,Zona Norte,Alta,12,22,Concluído
648,2025-04-24 11:32:05,Apr,11,Vazamento de Gás,Centro,Baixa,18,32,Concluído
649,2025-01-23 11:32:05,Jan,11,Vazamento de Gás,Zona Oeste,Média,23,24,Concluído
650,2025-09-14 11:32:05,Sep,11,APH - Mal Súbito,Centro,Média,38,61,Concluído
651,2025-07-04 11:32:05,Jul,11,APH - Mal Súbito,Zona Sul,Média,32,64,Concluído
652,2025-01-09 11:32:05,Jan,11,Resgate em Altura,Zona Sul,Média,16,25,Concluído
653,2025-01-28 11:32:05,Jan,11,Salvamento Aquático,Região Metropolitana,Média,12,24,Em Andamento
654,2025-10-06 11:32:05,Oct,11,Incêndio em Edifício,Zona Sul,Alta,9,32,Concluído
655,2025-09-17 11:32:05,Sep,11,Vazamento de Gás,Região Metropolitana,Baixa,24,8,Concluído
656,2025-09-10 11:32:05,Sep,11,Acidente Veicular,Zona Norte,Média,25,35,Concluído
657,2025-06-20 11:32:05,Jun,11,Incêndio em Edifício,Centro,Média,36,11,Concluído
658,2025-10-15 11:32:05,Oct,11,APH - Mal Súbito,Zona Sul,Média,20,49,Concluído
659,2025-03-04 11:32:05,Mar,11,Salvamento Aquático,Região Metropolitana,Baixa,28,43,Concluído
660,2025-04-11 11:32:05,Apr,11,Acidente Veicular,Zona Sul,Alta,10,33,Concluído
661,2025-08-18 11:32:05,Aug,11,Salvamento Aquático,Zona Sul,Alta,10,25,Concluído
662,2025-05-05 11:32:05,May,11,Acidente Veicular,Centro,Alta,13,47,Concluído
663,2025-06-11 11:32:05,Jun,11,Acidente Veicular,Zona Oeste,Alta,9,53,Concluído
664,2025-03-23 11:32:05,Mar,11,Resgate em Altura,Centro,Baixa,27,31,Concluído
665,2025-10-05 11:32:05,Oct,11,Incêndio em Edifício,Zona Norte,Alta,9,24,Concluído
666,2025-06-13 11:32:05,Jun,11,Salvamento Aquático,Zona Norte,Média,15,18,Concluído
667,2024-12-29 11:32:05,Dec,11,Incêndio Florestal,Zona Oeste,Baixa,35,33,Em Andamento
668,2025-01-15 11:32:05,Jan,11,Incêndio em Edifício,Zona Norte,Média,42,43,Em Andamento
669,2024-12-27 11:32:05,Dec,11,Salvamento Aquático,Zona Oeste,Baixa,23,69,Concluído
670,2025-07-28 11:32:05,Jul,11,Salvamento Aquático,Região Metropolitana,Baixa,18,37,Concluído
671,2025-10-02 11:32:05,Oct,11,Resgate em Altura,Centro,Alta,9,26,Concluído
672,2025-06-13 11:32:05,Jun,11,Acidente Veicular,Zona Oeste,Alta,11,37,Concluído
673,2025-03-21 11:32:05,Mar,11,Incêndio em Edifício,Zona Norte,Alta,10,54,Concluído
674,2025-11-11 11:32:05,Nov,11,Salvamento Aquático,Centro,Baixa,42,44,Em Andamento
675,2025-07-03 11:32:05,Jul,11,Incêndio em Edifício,Centro,Alta,12,20,Concluído
676,2025-12-04 11:32:05,Dec,11,Incêndio em Edifício,Região Metropolitana,Alta,7,61,Concluído
677,2025-11-01 11:32:05,Nov,11,Acidente Veicular,Zona Oeste,Alta,13,24,Concluído
678,2025-03-16 11:32:05,Mar,11,Incêndio em Edifício,Zona Norte,Alta,12,22,Em Andamento
679,2025-03-06 11:32:05,Mar,11,Salvamento Aquático,Centro,Baixa,2,47,Concluído
680,2025-10-09 11:32:05,Oct,11,Incêndio em Edifício,Zona Sul,Média,32,54,Concluído
681,2025-07-09 11:32:05,Jul,11,Incêndio em Edifício,Zona Oeste,Alta,9,52,Concluído
682,2025-03-19 11:32:05,Mar,11,Acidente Veicular,Zona Norte,Média,37,42,Em Andamento
683,2025-01-30 11:32:05,Jan,11,Incêndio Florestal,Região Metropolitana,Baixa,27,25,Concluído
684,2025-07-04 11:32:05,Jul,11,Acidente Veicular,Centro,Alta,8,30,Concluído
685,2025-08-10 11:32:05,Aug,11,Salvamento Aquático,Zona Sul,Baixa,29,66,Cancelado
686,2025-07-11 11:32:05,Jul,11,Vazamento de Gás,Centro,Baixa,25,38,Concluído
687,2025-01-12 11:32:05,Jan,11,Resgate em Altura,Zona Oeste,Baixa,36,19,Concluído
688,2025-07-08 11:32:05,Jul,11,Resgate em Altura,Zona Sul,Baixa,23,48,Concluído
689,2025-11-14 11:32:05,Nov,11,Incêndio Florestal,Zona Sul,Baixa,35,29,Concluído
690,2025-08-17 11:32:05,Aug,11,Incêndio Florestal,Centro,Baixa,35,26,Concluído
691,2025-10-28 11:32:05,Oct,11,Incêndio Florestal,Centro,Baixa,29,55,Em Andamento
692,2025-03-17 11:32:05,Mar,11,Incêndio Florestal,Zona Oeste,Baixa,34,36,Concluído
693,2025-11-25 11:32:05,Nov,11,APH - Mal Súbito,Centro,Média,39,67,Em Andamento
694,2025-09-03 11:32:05,Sep,11,Vazamento de Gás,Centro,Baixa,28,50,Concluído
695,2025-06-18 11:32:05,Jun,11,APH - Mal Súbito,Região Metropolitana,Média,31,58,Concluído
696,2025-05-02 11:32:05,May,11,APH - Mal Súbito,Zona Oeste,Média,15,70,Concluído
697,2025-03-25 11:32:05,Mar,11,Incêndio Florestal,Região Metropolitana,Baixa,26,35,Concluído
698,2025-01-13 11:32:05,Jan,11,Resgate em Altura,Zona Oeste,Baixa,20,24,Concluído
699,2024-12-19 11:32:05,Dec,11,Acidente Veicular,Zona Sul,Alta,12,39,Concluído
700,2025-11-17 11:32:05,Nov,11,Incêndio Florestal,Zona Oeste,Baixa,39,43,Concluído
701,2025-08-10 11:32:05,Aug,11,Resgate em Altura,Zona Norte,Média,29,37,Concluído
702,2025-09-05 11:32:05,Sep,11,Incêndio em Edifício,Região Metropolitana,Alta,9,48,Concluído
703,2025-07-02 11:32:05,Jul,11,APH - Mal Súbito,Zona Sul,Média,33,48,Concluído
704,2025-04-14 11:32:05,Apr,11,Vazamento de Gás,Zona Norte,Alta,7,3,Concluído
705,2025-12-12 11:32:05,Dec,11,Incêndio em Edifício,Centro,Baixa,17,64,Concluído
706,2025-04-28 11:32:05,Apr,11,Incêndio Florestal,Centro,Média,23,29,Concluído
707,2025-08-05 11:32:05,Aug,11,Resgate em Altura,Região Metropolitana,Baixa,29,38,Concluído
708,2025-04-14 11:32:05,Apr,11,Incêndio em Edifício,Zona Norte,Média,35,31,Concluído
709,2025-04-10 11:32:05,Apr,11,Vazamento de Gás,Zona Oeste,Média,26,34,Concluído
710,2025-07-05 11:32:05,Jul,11,Resgate em Altura,Zona Oeste,Média,27,53,Concluído
711,2025-08-04 11:32:05,Aug,11,Incêndio Florestal,Zona Sul,Baixa,5,67,Concluído
712,2025-07-24 11:32:05,Jul,11,Salvamento Aquático,Região Metropolitana,Média,29,28,Em Andamento
713,2025-09-13 11:32:05,Sep,11,Vazamento de Gás,Região Metropolitana,Baixa,25,82,Concluído
714,2025-01-01 11:32:05,Jan,11,Resgate em Altura,Zona Sul,Média,23,34,Concluído
715,2025-06-02 11:32:05,Jun,11,APH - Mal Súbito,Centro,Média,24,90,Concluído
716,2025-12-09 11:32:05,Dec,11,Incêndio em Edifício,Zona Norte,Alta,12,64,Concluído
717,2025-03-28 11:32:05,Mar,11,Salvamento Aquático,Região Metropolitana,Baixa,14,23,Concluído
718,2025-09-09 11:32:05,Sep,11,Vazamento de Gás,Região Metropolitana,Baixa,27,26,Concluído
719,2025-06-09 11:32:05,Jun,11,Incêndio em Edifício,Região Metropolitana,Média,41,25,Concluído
720,2025-08-17 11:32:05,Aug,11,Incêndio Florestal,Centro,Alta,10,41,Concluído
721,2025-03-03 11:32:05,Mar,11,Vazamento de Gás,Zona Norte,Baixa,13,9,Concluído
722,2025-10-18 11:32:05,Oct,11,Acidente Veicular,Centro,Alta,8,26,Concluído
723,2025-01-10 11:32:05,Jan,11,Acidente Veicular,Região Metropolitana,Média,21,40,Concluído
724,2025-05-17 11:32:05,May,11,Incêndio em Edifício,Centro,Alta,11,40,Concluído
725,2025-04-30 11:32:05,Apr,11,APH - Mal Súbito,Zona Oeste,Média,25,73,Concluído
726,2025-04-28 11:32:05,Apr,11,Salvamento Aquático,Zona Sul,Média,21,21,Concluído
727,2025-10-31 11:32:05,Oct,11,Incêndio Florestal,Zona Oeste,Baixa,27,18,Concluído
728,2025-07-26 11:32:05,Jul,11,Incêndio em Edifício,Zona Norte,Média,29,32,Concluído
729,2025-10-08 11:32:05,Oct,11,Incêndio em Edifício,Centro,Média,21,29,Concluído
730,2025-08-06 11:32:05,Aug,11,Salvamento Aquático,Centro,Média,21,46,Concluído
731,2025-09-22 11:32:05,Sep,11,Incêndio em Edifício,Zona Sul,Alta,10,59,Concluído
732,2025-11-04 11:32:05,Nov,11,Incêndio em Edifício,Zona Oeste,Alta,10,16,Concluído
733,2025-11-26 11:32:05,Nov,11,Vazamento de Gás,Zona Norte,Baixa,20,38,Concluído
734,2025-08-01 11:32:05,Aug,11,Acidente Veicular,Zona Norte,Média,22,23,Concluído
735,2025-11-30 11:32:05,Nov,11,Salvamento Aquático,Centro,Baixa,19,11,Concluído
736,2025-04-28 11:32:05,Apr,11,Resgate em Altura,Zona Norte,Média,26,34,Concluído
737,2025-10-19 11:32:05,Oct,11,APH - Mal Súbito,Centro,Baixa,32,51,Cancelado
738,2025-07-27 11:32:05,Jul,11,Resgate em Altura,Zona Norte,Média,26,2,Concluído
739,2025-01-27 11:32:05,Jan,11,Vazamento de Gás,Zona Norte,Baixa,17,36,Concluído
740,2025-01-10 11:32:05,Jan,11,Salvamento Aquático,Zona Norte,Baixa,29,33,Concluído
741,2025-01-31 11:32:05,Jan,11,Salvamento Aquático,Zona Sul,Média,30,39,Concluído
742,2025-11-27 11:32:05,Nov,11,Incêndio Florestal,Região Metropolitana,Baixa,23,14,Concluído
743,2025-05-27 11:32:05,May,11,Vazamento de Gás,Zona Norte,Baixa,21,36,Concluído
744,2025-08-16 11:32:05,Aug,11,Salvamento Aquático,Zona Sul,Média,21,35,Concluído
745,2025-11-16 11:32:05,Nov,11,Resgate em Altura,Região Metropolitana,Média,15,31,Concluído
746,2025-06-10 11:32:05,Jun,11,Incêndio em Edifício,Zona Sul,Alta,8,20,Concluído
747,2025-05-17 11:32:05,May,11,Incêndio Florestal,Zona Oeste,Média,43,11,Cancelado
748,2025-10-24 11:32:05,Oct,11,Salvamento Aquático,Zona Norte,Baixa,18,47,Concluído
749,2025-07-16 11:32:05,Jul,11,Vazamento de Gás,Região Metropolitana,Baixa,28,58,Em Andamento
750,2025-04-02 11:32:05,Apr,11,Incêndio em Edifício,Centro,Alta,9,30,Concluído
751,2025-03-25 11:32:05,Mar,11,Acidente Veicular,Zona Sul,Média,27,50,Em Andamento
752,2024-12-17 11:32:05,Dec,11,Acidente Veicular,Região Metropolitana,Média,20,37,Concluído
753,2025-01-15 11:32:05,Jan,11,Incêndio em Edifício,Zona Oeste,Alta,8,29,Concluído
754,2025-06-22 11:32:05,Jun,11,Incêndio Florestal,Centro,Baixa,20,35,Concluído
755,2025-05-05 11:32:05,May,11,Resgate em Altura,Zona Norte,Média,32,33,Em Andamento
756,2025-03-21 11:32:05,Mar,11,Incêndio Florestal,Região Metropolitana,Baixa,15,15,Concluído
757,2025-07-16 11:32:05,Jul,11,Acidente Veicular,Zona Oeste,Alta,14,41,Concluído
758,2025-01-25 11:32:05,Jan,11,Resgate em Altura,Zona Oeste,Baixa,13,54,Concluído
759,2025-05-05 11:32:05,May,11,Resgate em Altura,Zona Oeste,Baixa,32,27,Concluído
760,2025-04-17 11:32:05,Apr,11,APH - Mal Súbito,Região Metropolitana,Alta,11,71,Concluído
761,2025-01-14 11:32:05,Jan,11,Acidente Veicular,Zona Sul,Alta,11,20,Concluído
762,2025-10-10 11:32:05,Oct,11,Salvamento Aquático,Zona Norte,Baixa,34,34,Em Andamento
763,2025-01-17 11:32:05,Jan,11,Resgate em Altura,Zona Oeste,Baixa,14,23,Concluído
764,2025-02-15 11:32:05,Feb,11,APH - Mal Súbito,Zona Sul,Baixa,19,50,Concluído
765,2025-08-14 11:32:05,Aug,11,Salvamento Aquático,Zona Norte,Baixa,37,42,Concluído
766,2025-09-08 11:32:05,Sep,11,Salvamento Aquático,Zona Sul,Baixa,19,51,Concluído
767,2025-05-04 11:32:05,May,11,APH - Mal Súbito,Zona Norte,Média,25,98,Concluído
768,2025-02-10 11:32:05,Feb,11,APH - Mal Súbito,Centro,Baixa,28,48,Concluído
769,2025-04-23 11:32:05,Apr,11,Acidente Veicular,Zona Norte,Alta,9,29,Concluído
770,2025-09-10 11:32:05,Sep,11,APH - Mal Súbito,Zona Norte,Média,51,51,Concluído
771,2025-03-15 11:32:05,Mar,11,Salvamento Aquático,Centro,Baixa,32,22,Concluído
772,2025-09-17 11:32:05,Sep,11,APH - Mal Súbito,Centro,Alta,9,61,Concluído
773,2025-10-25 11:32:05,Oct,11,APH - Mal Súbito,Centro,Média,23,59,Concluído
774,2025-03-30 11:32:05,Mar,11,Incêndio Florestal,Zona Norte,Baixa,24,38,Concluído
775,2025-08-10 11:32:05,Aug,11,Incêndio em Edifício,Região Metropolitana,Alta,9,63,Concluído
776,2025-04-17 11:32:05,Apr,11,Resgate em Altura,Centro,Alta,11,10,Concluído
777,2025-06-28 11:32:05,Jun,11,Vazamento de Gás,Centro,Alta,10,60,Concluído
778,2025-04-15 11:32:05,Apr,11,Salvamento Aquático,Zona Oeste,Baixa,25,16,Concluído
779,2025-07-03 11:32:05,Jul,11,Incêndio Florestal,Centro,Baixa,16,20,Em Andamento
780,2025-11-07 11:32:05,Nov,11,Vazamento de Gás,Zona Sul,Baixa,15,51,Concluído
781,2025-05-11 11:32:05,May,11,Acidente Veicular,Zona Norte,Alta,11,36,Concluído
782,2025-11-11 11:32:05,Nov,11,Acidente Veicular,Zona Sul,Média,14,45,Concluído
783,2025-02-01 11:32:05,Feb,11,Incêndio em Edifício,Zona Oeste,Média,30,41,Concluído
784,2025-10-15 11:32:05,Oct,11,Incêndio Florestal,Região Metropolitana,Baixa,28,73,Concluído
785,2025-07-06 11:32:05,Jul,11,Salvamento Aquático,Região Metropolitana,Baixa,31,16,Concluído
786,2025-03-18 11:32:05,Mar,11,Vazamento de Gás,Região Metropolitana,Média,23,66,Concluído
787,2025-02-15 11:32:05,Feb,11,Salvamento Aquático,Zona Norte,Média,34,43,Concluído
788,2025-07-11 11:32:05,Jul,11,Acidente Veicular,Zona Oeste,Alta,10,43,Concluído
789,2025-05-09 11:32:05,May,11,Incêndio Florestal,Zona Norte,Média,22,42,Cancelado
790,2025-08-18 11:32:05,Aug,11,Salvamento Aquático,Zona Oeste,Média,28,10,Concluído
791,2025-06-08 11:32:05,Jun,11,Incêndio Florestal,Zona Norte,Baixa,17,37,Concluído
792,2025-02-05 11:32:05,Feb,11,APH - Mal Súbito,Zona Norte,Baixa,21,62,Concluído
793,2025-01-02 11:32:05,Jan,11,Incêndio Florestal,Zona Sul,Baixa,8,30,Em Andamento
794,2025-01-16 11:32:05,Jan,11,Acidente Veicular,Zona Sul,Alta,7,26,Concluído
795,2025-03-01 11:32:05,Mar,11,APH - Mal Súbito,Zona Oeste,Média,24,98,Concluído
796,2025-08-08 11:32:05,Aug,11,Incêndio Florestal,Zona Norte,Alta,9,32,Concluído
797,2025-12-03 11:32:05,Dec,11,Incêndio Florestal,Zona Norte,Baixa,13,42,Concluído
798,2025-02-20 11:32:05,Feb,11,Salvamento Aquático,Zona Sul,Baixa,23,21,Concluído
799,2025-03-11 11:32:05,Mar,11,Resgate em Altura,Zona Sul,Média,29,39,Concluído
800,2025-07-31 11:32:05,Jul,11,Vazamento de Gás,Zona Norte,Baixa,32,46,Cancelado
801,2025-11-15 11:32:05,Nov,11,Resgate em Altura,Zona Oeste,Média,16,21,Concluído
802,2025-08-19 11:32:05,Aug,11,Incêndio Florestal,Região Metropolitana,Baixa,43,40,Concluído
803,2025-06-17 11:32:05,Jun,11,Incêndio Florestal,Região Metropolitana,Baixa,39,28,Concluído
804,2025-11-17 11:32:05,Nov,11,Vazamento de Gás,Zona Oeste,Baixa,17,49,Concluído
805,2025-11-26 11:32:05,Nov,11,Incêndio Florestal,Zona Norte,Média,19,35,Concluído
806,2025-09-09 11:32:05,Sep,11,Acidente Veicular,Zona Oeste,Alta,6,46,Concluído
807,2025-07-17 11:32:05,Jul,11,Resgate em Altura,Zona Sul,Média,14,30,Concluído
808,2025-09-17 11:32:05,Sep,11,Incêndio Florestal,Zona Oeste,Média,51,33,Em Andamento
809,2025-04-27 11:32:05,Apr,11,Salvamento Aquático,Centro,Baixa,27,33,Em Andamento
810,2025-05-29 11:32:05,May,11,Incêndio Florestal,Zona Sul,Média,23,36,Concluído
811,2024-12-15 11:32:05,Dec,11,Incêndio em Edifício,Zona Norte,Média,27,33,Concluído
812,2025-11-13 11:32:05,Nov,11,Acidente Veicular,Zona Oeste,Média,33,14,Concluído
813,2025-02-09 11:32:05,Feb,11,Vazamento de Gás,Zona Sul,Média,11,32,Concluído
814,2025-08-01 11:32:05,Aug,11,Salvamento Aquático,Região Metropolitana,Baixa,21,27,Concluído
815,2025-08-19 11:32:05,Aug,11,Resgate em Altura,Zona Oeste,Baixa,26,32,Concluído
816,2025-02-02 11:32:05,Feb,11,Acidente Veicular,Zona Sul,Alta,9,24,Concluído
817,2025-11-13 11:32:05,Nov,11,Incêndio em Edifício,Zona Norte,Média,15,61,Concluído
818,2025-09-16 11:32:05,Sep,11,Resgate em Altura,Zona Norte,Baixa,28,23,Em Andamento
819,2024-12-19 11:32:05,Dec,11,Incêndio Florestal,Zona Norte,Baixa,12,40,Concluído
820,2025-01-22 11:32:05,Jan,11,Vazamento de Gás,Região Metropolitana,Média,9,12,Concluído
821,2025-07-28 11:32:05,Jul,11,Acidente Veicular,Centro,Alta,8,36,Concluído
822,2025-02-07 11:32:05,Feb,11,Incêndio em Edifício,Zona Oeste,Alta,11,28,Cancelado
823,2025-04-03 11:32:05,Apr,11,Incêndio em Edifício,Região Metropolitana,Alta,9,63,Concluído
824,2025-09-27 11:32:05,Sep,11,Acidente Veicular,Zona Norte,Média,48,30,Concluído
825,2025-02-18 11:32:05,Feb,11,Resgate em Altura,Zona Sul,Baixa,40,35,Em Andamento
826,2025-07-31 11:32:05,Jul,11,Resgate em Altura,Zona Oeste,Média,24,45,Em Andamento
827,2025-08-27 11:32:05,Aug,11,Incêndio em Edifício,Região Metropolitana,Média,23,40,Concluído
828,2025-10-24 11:32:05,Oct,11,Incêndio Florestal,Região Metropolitana,Média,21,30,Concluído
829,2025-03-05 11:32:05,Mar,11,APH - Mal Súbito,Centro,Baixa,30,67,Concluído
830,2025-05-17 11:32:05,May,11,Salvamento Aquático,Zona Oeste,Média,12,7,Concluído
831,2025-07-19 11:32:05,Jul,11,Salvamento Aquático,Centro,Média,29,32,Em Andamento
832,2025-01-24 11:32:05,Jan,11,Resgate em Altura,Zona Oeste,Alta,14,22,Concluído
833,2025-04-21 11:32:05,Apr,11,Salvamento Aquático,Zona Oeste,Média,18,38,Concluído
834,2025-12-05 11:32:05,Dec,11,Incêndio em Edifício,Zona Sul,Baixa,19,17,Em Andamento
835,2025-01-25 11:32:05,Jan,11,Incêndio Florestal,Zona Norte,Baixa,8,42,Concluído
836,2025-08-03 11:32:05,Aug,11,APH - Mal Súbito,Zona Oeste,Baixa,24,59,Cancelado
837,2025-07-24 11:32:05,Jul,11,Acidente Veicular,Zona Sul,Média,5,54,Concluído
838,2025-10-14 11:32:05,Oct,11,Resgate em Altura,Zona Oeste,Baixa,18,44,Concluído
839,2025-02-23 11:32:05,Feb,11,Resgate em Altura,Zona Norte,Baixa,34,9,Concluído
840,2025-01-28 11:32:05,Jan,11,Resgate em Altura,Centro,Baixa,4,44,Concluído
841,2025-03-17 11:32:05,Mar,11,Vazamento de Gás,Zona Sul,Baixa,15,48,Concluído
842,2025-02-14 11:32:05,Feb,11,Acidente Veicular,Zona Sul,Média,30,1,Concluído
843,2025-11-22 11:32:05,Nov,11,Acidente Veicular,Região Metropolitana,Alta,9,81,Concluído
844,2025-02-05 11:32:05,Feb,11,Incêndio Florestal,Zona Norte,Média,23,1,Concluído
845,2025-01-30 11:32:05,Jan,11,Incêndio Florestal,Zona Norte,Baixa,27,36,Em Andamento
846,2025-02-14 11:32:05,Feb,11,Acidente Veicular,Zona Norte,Média,35,28,Em Andamento
847,2025-09-18 11:32:05,Sep,11,Salvamento Aquático,Região Metropolitana,Alta,9,37,Concluído
848,2025-10-15 11:32:05,Oct,11,Salvamento Aquático,Centro,Baixa,34,45,Concluído
849,2025-06-29 11:32:05,Jun,11,Resgate em Altura,Zona Sul,Média,31,43,Em Andamento
850,2025-10-07 11:32:05,Oct,11,Incêndio em Edifício,Centro,Média,13,13,Concluído
851,2025-05-13 11:32:05,May,11,Salvamento Aquático,Centro,Baixa,25,56,Concluído
852,2025-04-15 11:32:05,Apr,11,Vazamento de Gás,Região Metropolitana,Baixa,27,32,Concluído
853,2025-01-11 11:32:05,Jan,11,Incêndio Florestal,Zona Norte,Média,13,54,Concluído
854,2025-10-01 11:32:05,Oct,11,Incêndio Florestal,Região Metropolitana,Baixa,30,57,Concluído
855,2025-06-08 11:32:05,Jun,11,APH - Mal Súbito,Zona Norte,Média,11,27,Concluído
856,2025-07-08 11:32:05,Jul,11,Salvamento Aquático,Zona Oeste,Baixa,19,44,Concluído
857,2025-04-05 11:32:05,Apr,11,Incêndio Florestal,Região Metropolitana,Média,27,29,Concluído
858,2025-07-08 11:32:05,Jul,11,Incêndio Florestal,Zona Oeste,Alta,14,36,Concluído
859,2025-09-14 11:32:05,Sep,11,Incêndio Florestal,Região Metropolitana,Média,25,26,Concluído
860,2025-05-11 11:32:05,May,11,Incêndio em Edifício,Zona Oeste,Média,10,68,Concluído
861,2025-09-17 11:32:05,Sep,11,Vazamento de Gás,Região Metropolitana,Média,29,31,Concluído
862,2025-12-05 11:32:05,Dec,11,Resgate em Altura,Centro,Média,27,2,Concluído
863,2025-06-18 11:32:05,Jun,11,APH - Mal Súbito,Centro,Baixa,17,40,Concluído
864,2025-12-12 11:32:05,Dec,11,APH - Mal Súbito,Zona Sul,Baixa,35,52,Concluído
865,2025-01-27 11:32:05,Jan,11,Acidente Veicular,Zona Norte,Média,22,37,Em Andamento
866,2025-06-07 11:32:05,Jun,11,Incêndio Florestal,Zona Sul,Baixa,19,32,Concluído
867,2025-02-09 11:32:05,Feb,11,Vazamento de Gás,Zona Oeste,Baixa,33,32,Concluído
868,2025-04-17 11:32:05,Apr,11,APH - Mal Súbito,Zona Norte,Baixa,37,81,Concluído
869,2025-10-08 11:32:05,Oct,11,Acidente Veicular,Centro,Baixa,44,27,Concluído
870,2025-09-07 11:32:05,Sep,11,APH - Mal Súbito,Zona Oeste,Alta,9,52,Concluído
871,2025-06-24 11:32:05,Jun,11,Vazamento de Gás,Centro,Baixa,37,38,Concluído
872,2025-04-10 11:32:05,Apr,11,Incêndio em Edifício,Centro,Baixa,46,49,Concluído
873,2025-11-17 11:32:05,Nov,11,APH - Mal Súbito,Zona Sul,Baixa,28,74,Concluído
874,2025-08-03 11:32:05,Aug,11,Resgate em Altura,Centro,Baixa,30,35,Concluído
875,2025-11-19 11:32:05,Nov,11,Incêndio em Edifício,Zona Sul,Média,13,34,Concluído
876,2025-05-23 11:32:05,May,11,Incêndio Florestal,Zona Sul,Média,31,10,Concluído
877,2025-06-12 11:32:05,Jun,11,Vazamento de Gás,Zona Norte,Alta,8,1,Concluído
878,2025-01-09 11:32:05,Jan,11,Vazamento de Gás,Zona Norte,Baixa,34,25,Concluído
879,2025-04-10 11:32:05,Apr,11,Vazamento de Gás,Zona Norte,Média,14,10,Concluído
880,2025-07-22 11:32:05,Jul,11,Resgate em Altura,Zona Sul,Média,28,53,Concluído
881,2025-11-13 11:32:05,Nov,11,Incêndio em Edifício,Região Metropolitana,Alta,7,30,Concluído
882,2024-12-20 11:32:05,Dec,11,Incêndio Florestal,Centro,Média,33,32,Concluído
883,2025-01-24 11:32:05,Jan,11,Incêndio Florestal,Centro,Média,27,8,Cancelado
884,2025-04-05 11:32:05,Apr,11,Resgate em Altura,Região Metropolitana,Baixa,26,17,Em Andamento
885,2025-06-04 11:32:05,Jun,11,Resgate em Altura,Zona Sul,Baixa,15,7,Concluído
886,2025-08-20 11:32:05,Aug,11,Vazamento de Gás,Zona Oeste,Baixa,27,35,Concluído
887,2025-02-02 11:32:05,Feb,11,Salvamento Aquático,Região Metropolitana,Média,20,33,Concluído
888,2025-07-15 11:32:05,Jul,11,APH - Mal Súbito,Zona Sul,Alta,9,83,Concluído
889,2025-08-06 11:32:05,Aug,11,Vazamento de Gás,Zona Norte,Baixa,21,11,Concluído
890,2025-06-05 11:32:05,Jun,11,Incêndio em Edifício,Zona Norte,Alta,9,38,Concluído
891,2025-11-20 11:32:05,Nov,11,Acidente Veicular,Região Metropolitana,Baixa,22,42,Concluído
892,2025-11-19 11:32:05,Nov,11,Acidente Veicular,Centro,Baixa,7,33,Concluído
893,2025-02-15 11:32:05,Feb,11,Incêndio em Edifício,Zona Norte,Média,29,41,Concluído
894,2025-07-25 11:32:05,Jul,11,APH - Mal Súbito,Região Metropolitana,Baixa,25,74,Concluído
895,2025-05-09 11:32:05,May,11,Salvamento Aquático,Região Metropolitana,Média,31,38,Concluído
896,2025-04-12 11:32:05,Apr,11,Acidente Veicular,Zona Norte,Alta,10,20,Concluído
897,2025-07-04 11:32:05,Jul,11,Acidente Veicular,Zona Sul,Alta,8,45,Concluído
898,2025-10-07 11:32:05,Oct,11,APH - Mal Súbito,Região Metropolitana,Alta,11,52,Concluído
899,2025-03-09 11:32:05,Mar,11,Salvamento Aquático,Zona Oeste,Baixa,19,19,Concluído
900,2025-01-22 11:32:05,Jan,11,Incêndio em Edifício,Zona Oeste,Média,22,27,Concluído
901,2025-01-03 11:32:05,Jan,11,APH - Mal Súbito,Zona Sul,Média,25,85,Concluído
902,2025-03-19 11:32:05,Mar,11,Vazamento de Gás,Centro,Baixa,16,54,Concluído
903,2025-02-24 11:32:05,Feb,11,Salvamento Aquático,Zona Norte,Baixa,18,34,Concluído
904,2025-02-27 11:32:05,Feb,11,APH - Mal Súbito,Zona Norte,Baixa,22,65,Em Andamento
905,2025-09-29 11:32:05,Sep,11,Incêndio em Edifício,Região Metropolitana,Alta,14,46,Concluído
906,2025-11-30 11:32:05,Nov,11,APH - Mal Súbito,Região Metropolitana,Baixa,20,63,Concluído
907,2025-07-19 11:32:05,Jul,11,Salvamento Aquático,Zona Oeste,Média,29,40,Concluído
908,2025-08-10 11:32:05,Aug,11,Vazamento de Gás,Zona Sul,Baixa,21,60,Concluído
909,2025-02-10 11:32:05,Feb,11,Incêndio em Edifício,Região Metropolitana,Média,48,28,Concluído
910,2025-09-02 11:32:05,Sep,11,Incêndio Florestal,Região Metropolitana,Baixa,27,56,Concluído
911,2025-06-18 11:32:05,Jun,11,Salvamento Aquático,Zona Sul,Média,37,35,Concluído
912,2025-10-18 11:32:05,Oct,11,Incêndio em Edifício,Zona Oeste,Média,29,31,Concluído
913,2025-08-14 11:32:05,Aug,11,Resgate em Altura,Centro,Alta,11,57,Concluído
914,2025-06-08 11:32:05,Jun,11,Acidente Veicular,Região Metropolitana,Alta,9,42,Concluído
915,2025-03-06 11:32:05,Mar,11,Incêndio Florestal,Centro,Média,15,14,Concluído
916,2025-01-13 11:32:05,Jan,11,Incêndio em Edifício,Zona Sul,Média,26,45,Concluído
917,2025-06-29 11:32:05,Jun,11,Incêndio Florestal,Zona Oeste,Média,14,54,Concluído
918,2025-10-28 11:32:05,Oct,11,Incêndio Florestal,Zona Norte,Alta,7,35,Concluído
919,2025-01-29 11:32:05,Jan,11,Acidente Veicular,Região Metropolitana,Alta,12,48,Concluído
920,2025-01-13 11:32:05,Jan,11,Resgate em Altura,Zona Norte,Média,26,32,Concluído
921,2025-04-17 11:32:05,Apr,11,Incêndio em Edifício,Zona Oeste,Alta,7,40,Concluído
922,2024-12-17 11:32:05,Dec,11,Acidente Veicular,Zona Norte,Alta,8,20,Concluído
923,2025-01-25 11:32:05,Jan,11,Incêndio em Edifício,Zona Norte,Alta,11,46,Concluído
924,2025-07-18 11:32:05,Jul,11,Acidente Veicular,Zona Oeste,Alta,9,56,Concluído
925,2025-06-18 11:32:05,Jun,11,Incêndio em Edifício,Zona Oeste,Baixa,35,1,Concluído
926,2025-11-21 11:32:05,Nov,11,APH - Mal Súbito,Zona Norte,Baixa,21,74,Em Andamento
927,2025-02-17 11:32:05,Feb,11,Salvamento Aquático,Centro,Baixa,2,29,Cancelado
928,2025-10-08 11:32:05,Oct,11,Salvamento Aquático,Zona Norte,Baixa,33,31,Concluído
929,2025-03-18 11:32:05,Mar,11,Incêndio em Edifício,Zona Norte,Média,6,53,Concluído
930,2024-12-20 11:32:05,Dec,11,Incêndio Florestal,Centro,Média,16,17,Concluído
931,2025-02-05 11:32:05,Feb,11,Resgate em Altura,Zona Norte,Média,11,10,Em Andamento
932,2025-11-01 11:32:05,Nov,11,Vazamento de Gás,Centro,Média,17,8,Concluído
933,2025-02-08 11:32:05,Feb,11,APH - Mal Súbito,Zona Norte,Alta,9,54,Concluído
934,2025-11-17 11:32:05,Nov,11,Salvamento Aquático,Zona Sul,Baixa,48,57,Concluído
935,2025-06-25 11:32:05,Jun,11,Salvamento Aquático,Zona Oeste,Alta,11,20,Concluído
936,2025-08-20 11:32:05,Aug,11,APH - Mal Súbito,Região Metropolitana,Média,23,78,Concluído
937,2025-01-06 11:32:05,Jan,11,APH - Mal Súbito,Zona Oeste,Média,1,70,Concluído
938,2025-07-17 11:32:05,Jul,11,Vazamento de Gás,Zona Oeste,Média,4,37,Concluído
939,2025-06-09 11:32:05,Jun,11,Resgate em Altura,Centro,Baixa,18,16,Concluído
940,2025-12-09 11:32:05,Dec,11,APH - Mal Súbito,Zona Norte,Baixa,36,44,Concluído
941,2024-12-27 11:32:05,Dec,11,Resgate em Altura,Centro,Média,24,59,Concluído
942,2025-05-20 11:32:05,May,11,Resgate em Altura,Centro,Baixa,38,23,Concluído
943,2025-05-08 11:32:05,May,11,Vazamento de Gás,Zona Sul,Alta,8,37,Concluído
944,2025-03-24 11:32:05,Mar,11,Vazamento de Gás,Zona Sul,Média,39,32,Concluído
945,2025-08-24 11:32:05,Aug,11,Incêndio em Edifício,Zona Oeste,Alta,9,40,Em Andamento
946,2025-12-14 11:32:05,Dec,11,Incêndio Florestal,Zona Oeste,Baixa,38,48,Concluído
947,2025-07-30 11:32:05,Jul,11,Incêndio Florestal,Centro,Baixa,39,51,Concluído
948,2025-07-20 11:32:05,Jul,11,Resgate em Altura,Zona Sul,Baixa,21,10,Concluído
949,2025-02-11 11:32:05,Feb,11,Incêndio em Edifício,Centro,Alta,8,11,Concluído
950,2025-12-07 11:32:05,Dec,11,Acidente Veicular,Zona Oeste,Baixa,31,25,Concluído
951,2025-11-14 11:32:05,Nov,11,Incêndio em Edifício,Zona Oeste,Média,23,45,Concluído
952,2025-09-20 11:32:05,Sep,11,Acidente Veicular,Zona Sul,Média,21,41,Concluído
953,2025-11-30 11:32:05,Nov,11,Acidente Veicular,Zona Sul,Alta,9,6,Concluído
954,2024-12-14 11:32:05,Dec,11,Resgate em Altura,Zona Norte,Média,29,43,Concluído
955,2025-07-02 11:32:05,Jul,11,Salvamento Aquático,Região Metropolitana,Média,42,37,Concluído
956,2025-09-24 11:32:05,Sep,11,APH - Mal Súbito,Zona Oeste,Baixa,31,67,Concluído
957,2025-11-18 11:32:05,Nov,11,APH - Mal Súbito,Zona Sul,Média,26,80,Concluído
958,2025-08-07 11:32:05,Aug,11,Resgate em Altura,Zona Norte,Média,21,46,Concluído
959,2025-01-13 11:32:05,Jan,11,Salvamento Aquático,Centro,Baixa,11,40,Concluído
960,2025-07-14 11:32:05,Jul,11,Incêndio Florestal,Zona Oeste,Baixa,28,34,Concluído
961,2025-07-26 11:32:05,Jul,11,APH - Mal Súbito,Zona Oeste,Alta,12,62,Concluído
962,2025-02-24 11:32:05,Feb,11,Incêndio em Edifício,Centro,Alta,8,1,Concluído
963,2025-12-10 11:32:05,Dec,11,Vazamento de Gás,Zona Norte,Baixa,13,15,Concluído
964,2025-11-30 11:32:05,Nov,11,Incêndio em Edifício,Zona Oeste,Alta,8,29,Concluído
965,2025-05-03 11:32:05,May,11,Vazamento de Gás,Zona Sul,Média,33,40,Concluído
966,2025-03-26 11:32:05,Mar,11,Acidente Veicular,Zona Norte,Média,27,37,Concluído
967,2025-05-04 11:32:05,May,11,Incêndio Florestal,Centro,Baixa,33,54,Concluído
968,2025-01-08 11:32:05,Jan,11,Resgate em Altura,Zona Sul,Média,21,13,Concluído
969,2025-06-06 11:32:05,Jun,11,APH - Mal Súbito,Zona Oeste,Média,33,57,Concluído
970,2025-10-23 11:32:05,Oct,11,Resgate em Altura,Centro,Baixa,19,59,Concluído
971,2025-01-29 11:32:05,Jan,11,Acidente Veicular,Zona Oeste,Baixa,16,31,Concluído
972,2025-03-11 11:32:05,Mar,11,Acidente Veicular,Região Metropolitana,Baixa,21,46,Concluído
973,2025-06-17 11:32:05,Jun,11,Incêndio em Edifício,Zona Norte,Alta,10,16,Concluído
974,2025-03-04 11:32:05,Mar,11,Incêndio Florestal,Zona Oeste,Baixa,14,25,Em Andamento
975,2025-03-03 11:32:05,Mar,11,Incêndio em Edifício,Zona Oeste,Baixa,23,28,Concluído
976,2025-02-10 11:32:05,Feb,11,Acidente Veicular,Zona Norte,Alta,7,7,Concluído
977,2025-04-18 11:32:05,Apr,11,Acidente Veicular,Região Metropolitana,Baixa,23,50,Cancelado
978,2025-11-10 11:32:05,Nov,11,Acidente Veicular,Região Metropolitana,Alta,8,52,Concluído
979,2025-10-03 11:32:05,Oct,11,Acidente Veicular,Centro,Alta,9,39,Concluído
980,2025-03-29 11:32:05,Mar,11,Vazamento de Gás,Zona Sul,Média,30,28,Concluído
981,2025-07-05 11:32:05,Jul,11,Salvamento Aquático,Centro,Média,13,37,Concluído
982,2025-10-15 11:32:05,Oct,11,Vazamento de Gás,Região Metropolitana,Média,16,35,Concluído
983,2025-11-28 11:32:05,Nov,11,APH - Mal Súbito,Zona Sul,Alta,8,63,Cancelado
984,2025-12-09 11:32:05,Dec,11,Salvamento Aquático,Zona Sul,Baixa,22,24,Concluído
985,2025-02-21 11:32:05,Feb,11,Salvamento Aquático,Zona Norte,Alta,13,47,Concluído
986,2025-09-26 11:32:05,Sep,11,Incêndio Florestal,Zona Oeste,Baixa,24,45,Concluído
987,2025-04-21 11:32:05,Apr,11,Salvamento Aquático,Região Metropolitana,Baixa,54,44,Concluído
988,2025-05-03 11:32:05,May,11,Salvamento Aquático,Região Metropolitana,Média,28,32,Concluído
989,2025-01-05 11:32:05,Jan,11,Incêndio Florestal,Zona Oeste,Média,18,35,Concluído
990,2025-06-05 11:32:05,Jun,11,Incêndio em Edifício,Centro,Média,14,41,Concluído
991,2025-02-15 11:32:05,Feb,11,Resgate em Altura,Zona Norte,Baixa,35,8,Concluído
992,2024-12-26 11:32:05,Dec,11,APH - Mal Súbito,Região Metropolitana,Média,41,88,Concluído
993,2025-06-06 11:32:05,Jun,11,Incêndio em Edifício,Zona Norte,Média,27,18,Concluído
994,2025-11-30 11:32:05,Nov,11,Salvamento Aquático,Zona Norte,Média,13,60,Concluído
995,2025-07-10 11:32:05,Jul,11,Resgate em Altura,Centro,Média,34,33,Concluído
996,2025-04-09 11:32:05,Apr,11,Acidente Veicular,Centro,Alta,9,34,Concluído
997,2025-10-04 11:32:05,Oct,11,Incêndio em Edifício,Zona Norte,Média,38,41,Concluído
998,2025-03-08 11:32:05,Mar,11,Salvamento Aquático,Centro,Alta,9,24,Concluído
999,2025-01-14 11:32:05,Jan,11,Salvamento Aquático,Zona Oeste,Média,34,24,Em Andamento
1000,2024-12-20 11:32:05,Dec,11,APH - Mal Súbito,Região Metropolitana,Alta,7,42,Concluído
1001,2025-02-07 11:32:05,Feb,11,APH - Mal Súbito,Centro,Baixa,27,67,Concluído
1002,2025-10-29 11:32:05,Oct,11,Incêndio em Edifício,Região Metropolitana,Baixa,25,23,Em Andamento
1003,2025-01-28 11:32:05,Jan,11,Acidente Veicular,Zona Sul,Alta,10,31,Concluído
1004,2025-04-20 11:32:05,Apr,11,Incêndio Florestal,Centro,Baixa,11,8,Concluído
1005,2025-05-18 11:32:05,May,11,Resgate em Altura,Zona Oeste,Baixa,15,40,Em Andamento
1006,2025-09-23 11:32:05,Sep,11,APH - Mal Súbito,Centro,Baixa,26,66,Em Andamento
1007,2025-11-13 11:32:05,Nov,11,Salvamento Aquático,Região Metropolitana,Média,25,21,Concluído
1008,2025-09-10 11:32:05,Sep,11,Incêndio Florestal,Região Metropolitana,Baixa,35,24,Concluído
1009,2025-02-22 11:32:05,Feb,11,Vazamento de Gás,Região Metropolitana,Média,13,38,Concluído
1010,2025-04-07 11:32:05,Apr,11,Incêndio em Edifício,Zona Oeste,Alta,7,42,Concluído
1011,2025-01-11 11:32:05,Jan,11,Acidente Veicular,Região Metropolitana,Baixa,22,19,Em Andamento
1012,2024-12-30 11:32:05,Dec,11,Salvamento Aquático,Zona Sul,Média,18,43,Concluído
1013,2025-07-20 11:32:05,Jul,11,Incêndio Florestal,Zona Norte,Baixa,27,33,Concluído
1014,2025-08-11 11:32:05,Aug,11,Acidente Veicular,Zona Norte,Alta,11,27,Concluído
1015,2025-10-22 11:32:05,Oct,11,Vazamento de Gás,Centro,Alta,6,50,Em Andamento
1016,2024-12-27 11:32:05,Dec,11,Acidente Veicular,Zona Norte,Alta,9,52,Concluído
1017,2025-07-17 11:32:05,Jul,11,Incêndio em Edifício,Zona Oeste,Média,44,34,Cancelado
1018,2025-01-11 11:32:05,Jan,11,Salvamento Aquático,Zona Sul,Baixa,27,21,Concluído
1019,2025-04-22 11:32:05,Apr,11,Vazamento de Gás,Zona Sul,Baixa,19,34,Concluído
1020,2025-02-14 11:32:05,Feb,11,Resgate em Altura,Região Metropolitana,Baixa,19,50,Concluído
1021,2025-10-14 11:32:05,Oct,11,Salvamento Aquático,Zona Sul,Baixa,18,59,Concluído
1022,2025-11-12 11:32:05,Nov,11,Resgate em Altura,Zona Oeste,Baixa,22,46,Concluído
1023,2024-12-18 11:32:05,Dec,11,APH - Mal Súbito,Zona Oeste,Baixa,15,61,Concluído
1024,2025-11-30 11:32:05,Nov,11,Salvamento Aquático,Zona Norte,Média,30,63,Cancelado
1025,2025-11-28 11:32:05,Nov,11,Acidente Veicular,Zona Sul,Baixa,23,57,Concluído
1026,2025-11-16 11:32:05,Nov,11,Vazamento de Gás,Centro,Baixa,47,19,Concluído
1027,2025-05-29 11:32:05,May,11,Incêndio em Edifício,Centro,Alta,10,32,Concluído
1028,2025-07-24 11:32:05,Jul,11,Salvamento Aquático,Zona Sul,Média,21,17,Concluído
1029,2025-01-26 11:32:05,Jan,11,Resgate em Altura,Zona Sul,Alta,12,43,Em Andamento
1030,2025-02-07 11:32:05,Feb,11,Incêndio em Edifício,Zona Sul,Alta,9,34,Concluído
1031,2025-07-02 11:32:05,Jul,11,Incêndio em Edifício,Centro,Alta,9,34,Concluído
1032,2025-08-01 11:32:05,Aug,11,APH - Mal Súbito,Centro,Média,16,66,Concluído
1033,2025-02-11 11:32:05,Feb,11,APH - Mal Súbito,Zona Norte,Baixa,25,63,Concluído
1034,2024-12-29 11:32:05,Dec,11,Incêndio em Edifício,Região Metropolitana,Baixa,27,42,Concluído
1035,2025-01-03 11:32:05,Jan,11,Incêndio Florestal,Zona Sul,Média,23,18,Concluído
1036,2025-11-25 11:32:05,Nov,11,Vazamento de Gás,Zona Norte,Média,24,54,Concluído
1037,2025-08-19 11:32:05,Aug,11,Vazamento de Gás,Zona Oeste,Baixa,18,63,Concluído
1038,2025-07-17 11:32:05,Jul,11,Vazamento de Gás,Zona Oeste,Baixa,39,52,Concluído
1039,2025-07-16 11:32:05,Jul,11,Acidente Veicular,Região Metropolitana,Alta,8,31,Concluído
1040,2025-07-21 11:32:05,Jul,11,Acidente Veicular,Zona Sul,Média,25,17,Concluído
1041,2025-10-09 11:32:05,Oct,11,Incêndio Florestal,Zona Sul,Média,7,27,Concluído
1042,2025-11-30 11:32:05,Nov,11,Acidente Veicular,Centro,Média,24,19,Concluído
1043,2025-02-28 11:32:05,Feb,11,Acidente Veicular,Região Metropolitana,Média,9,4,Concluído
1044,2025-04-21 11:32:05,Apr,11,Vazamento de Gás,Zona Norte,Baixa,32,45,Concluído
1045,2025-07-08 11:32:05,Jul,11,APH - Mal Súbito,Centro,Baixa,21,74,Concluído
1046,2025-06-20 11:32:05,Jun,11,Resgate em Altura,Região Metropolitana,Média,24,39,Concluído
1047,2025-07-11 11:32:05,Jul,11,Resgate em Altura,Zona Norte,Baixa,3,48,Concluído
1048,2025-08-27 11:32:05,Aug,11,Resgate em Altura,Região Metropolitana,Média,27,66,Em Andamento
1049,2025-07-17 11:32:05,Jul,11,Resgate em Altura,Centro,Baixa,27,38,Em Andamento
1050,2025-04-07 11:32:05,Apr,11,Acidente Veicular,Região Metropolitana,Alta,11,12,Concluído
1051,2025-04-16 11:32:05,Apr,11,Incêndio Florestal,Centro,Média,38,37,Concluído
1052,2025-01-02 11:32:05,Jan,11,APH - Mal Súbito,Região Metropolitana,Média,33,73,Concluído
1053,2025-05-02 11:32:05,May,11,Incêndio Florestal,Centro,Alta,10,25,Concluído
1054,2025-06-12 11:32:05,Jun,11,Vazamento de Gás,Zona Sul,Baixa,7,22,Concluído
1055,2025-01-04 11:32:05,Jan,11,Vazamento de Gás,Zona Oeste,Média,36,44,Concluído
1056,2025-07-30 11:32:05,Jul,11,Vazamento de Gás,Região Metropolitana,Média,17,20,Concluído
1057,2025-07-21 11:32:05,Jul,11,APH - Mal Súbito,Centro,Alta,10,55,Cancelado
1058,2025-05-28 11:32:05,May,11,Resgate em Altura,Zona Sul,Média,14,41,Concluído
1059,2025-05-30 11:32:05,May,11,Incêndio em Edifício,Região Metropolitana,Baixa,18,30,Cancelado
1060,2025-09-08 11:32:05,Sep,11,Incêndio Florestal,Zona Oeste,Alta,8,27,Concluído
1061,2025-07-24 11:32:05,Jul,11,Incêndio em Edifício,Zona Norte,Alta,9,57,Em Andamento
1062,2025-02-15 11:32:05,Feb,11,APH - Mal Súbito,Região Metropolitana,Média,33,57,Concluído
1063,2025-07-20 11:32:05,Jul,11,Resgate em Altura,Zona Sul,Média,34,64,Concluído
1064,2025-08-28 11:32:05,Aug,11,APH - Mal Súbito,Zona Norte,Média,30,76,Cancelado
1065,2025-07-21 11:32:05,Jul,11,Incêndio em Edifício,Região Metropolitana,Baixa,30,15,Concluído
1066,2025-05-17 11:32:05,May,11,Incêndio Florestal,Zona Oeste,Baixa,40,44,Concluído
1067,2025-04-21 11:32:05,Apr,11,Incêndio Florestal,Região Metropolitana,Baixa,42,35,Concluído
1068,2025-01-10 11:32:05,Jan,11,Resgate em Altura,Zona Oeste,Baixa,27,38,Concluído
1069,2025-08-24 11:32:05,Aug,11,APH - Mal Súbito,Região Metropolitana,Baixa,19,49,Concluído
1070,2025-12-06 11:32:05,Dec,11,Incêndio Florestal,Zona Norte,Média,35,36,Concluído
1071,2025-08-26 11:32:05,Aug,11,APH - Mal Súbito,Centro,Baixa,22,60,Concluído
1072,2024-12-22 11:32:05,Dec,11,Incêndio Florestal,Centro,Alta,14,19,Em Andamento
1073,2025-04-16 11:32:05,Apr,11,Incêndio Florestal,Zona Norte,Alta,10,49,Concluído
1074,2025-02-03 11:32:05,Feb,11,Vazamento de Gás,Zona Oeste,Baixa,39,20,Concluído
1075,2025-03-25 11:32:05,Mar,11,Acidente Veicular,Zona Sul,Alta,11,30,Concluído
1076,2025-04-25 11:32:05,Apr,11,Vazamento de Gás,Zona Oeste,Média,13,37,Cancelado
1077,2025-03-15 11:32:05,Mar,11,Incêndio em Edifício,Centro,Baixa,21,19,Cancelado
1078,2024-12-25 11:32:05,Dec,11,Incêndio em Edifício,Zona Sul,Média,27,13,Concluído
1079,2025-11-15 11:32:05,Nov,11,APH - Mal Súbito,Centro,Baixa,19,81,Concluído
1080,2025-09-10 11:32:05,Sep,11,Salvamento Aquático,Centro,Baixa,21,27,Concluído
1081,2025-04-04 11:32:05,Apr,11,Acidente Veicular,Zona Sul,Alta,12,30,Concluído
1082,2025-07-27 11:32:05,Jul,11,Incêndio Florestal,Zona Sul,Baixa,39,30,Concluído
1083,2025-06-07 11:32:05,Jun,11,APH - Mal Súbito,Centro,Baixa,31,74,Concluído
1084,2025-05-10 11:32:05,May,11,Acidente Veicular,Zona Oeste,Média,16,52,Concluído
1085,2025-09-19 11:32:05,Sep,11,APH - Mal Súbito,Região Metropolitana,Baixa,34,39,Concluído
1086,2025-04-01 11:32:05,Apr,11,Acidente Veicular,Zona Oeste,Baixa,24,7,Concluído
1087,2025-08-02 11:32:05,Aug,11,APH - Mal Súbito,Centro,Baixa,14,78,Concluído
1088,2025-05-16 11:32:05,May,11,Incêndio Florestal,Zona Norte,Média,23,18,Concluído
1089,2025-01-24 11:32:05,Jan,11,Acidente Veicular,Centro,Alta,9,22,Concluído
1090,2025-12-06 11:32:05,Dec,11,Resgate em Altura,Zona Sul,Baixa,25,45,Concluído
1091,2025-02-22 11:32:05,Feb,11,Acidente Veicular,Região Metropolitana,Alta,13,32,Concluído
1092,2025-03-26 11:32:05,Mar,11,Incêndio Florestal,Zona Oeste,Média,17,30,Concluído
1093,2025-11-24 11:32:05,Nov,11,Incêndio em Edifício,Zona Norte,Alta,10,39,Concluído
1094,2025-07-08 11:32:05,Jul,11,Salvamento Aquático,Zona Sul,Média,27,32,Concluído
1095,2024-12-26 11:32:05,Dec,11,Incêndio Florestal,Zona Oeste,Alta,14,33,Concluído
1096,2025-04-13 11:32:05,Apr,11,Acidente Veicular,Região Metropolitana,Alta,8,36,Em Andamento
1097,2025-02-03 11:32:05,Feb,11,Vazamento de Gás,Zona Norte,Alta,7,44,Concluído
1098,2025-08-22 11:32:05,Aug,11,Incêndio em Edifício,Zona Oeste,Média,25,12,Concluído
1099,2025-11-22 11:32:05,Nov,11,Acidente Veicular,Zona Sul,Média,41,29,Em Andamento
1100,2025-01-14 11:32:05,Jan,11,Salvamento Aquático,Centro,Baixa,22,1,Concluído
1101,2025-03-16 11:32:05,Mar,11,Acidente Veicular,Zona Norte,Alta,8,45,Concluído
1102,2025-02-14 11:32:05,Feb,11,Acidente Veicular,Zona Sul,Média,12,14,Concluído
1103,2025-08-05 11:32:05,Aug,11,Resgate em Altura,Centro,Baixa,25,48,Concluído
1104,2025-03-21 11:32:05,Mar,11,APH - Mal Súbito,Zona Norte,Baixa,25,58,Concluído
1105,2025-03-15 11:32:05,Mar,11,Incêndio Florestal,Zona Norte,Média,27,51,Concluído
1106,2025-07-17 11:32:05,Jul,11,APH - Mal Súbito,Zona Norte,Média,28,87,Cancelado
1107,2025-09-25 11:32:05,Sep,11,Incêndio Florestal,Região Metropolitana,Baixa,36,27,Concluído
1108,2025-04-28 11:32:05,Apr,11,Incêndio Florestal,Zona Sul,Baixa,25,49,Concluído
1109,2025-07-26 11:32:05,Jul,11,Acidente Veicular,Zona Norte,Alta,11,25,Cancelado
1110,2025-05-13 11:32:05,May,11,Acidente Veicular,Centro,Alta,11,49,Concluído
1111,2024-12-15 11:32:05,Dec,11,Acidente Veicular,Zona Oeste,Baixa,17,47,Concluído
1112,2025-09-20 11:32:05,Sep,11,Acidente Veicular,Região Metropolitana,Média,23,39,Concluído
1113,2025-05-28 11:32:05,May,11,Incêndio Florestal,Zona Norte,Baixa,22,46,Concluído
1114,2025-05-01 11:32:05,May,11,Incêndio Florestal,Zona Oeste,Baixa,31,39,Concluído
1115,2025-04-11 11:32:05,Apr,11,Salvamento Aquático,Zona Sul,Alta,7,35,Em Andamento
1116,2025-09-24 11:32:05,Sep,11,Vazamento de Gás,Zona Oeste,Baixa,20,43,Concluído
1117,2025-05-31 11:32:05,May,11,Salvamento Aquático,Zona Sul,Baixa,18,53,Concluído
1118,2025-02-18 11:32:05,Feb,11,Resgate em Altura,Zona Sul,Média,22,49,Concluído
1119,2025-04-18 11:32:05,Apr,11,Vazamento de Gás,Região Metropolitana,Média,32,34,Concluído
1120,2025-05-12 11:32:05,May,11,Resgate em Altura,Zona Oeste,Média,42,37,Concluído
1121,2025-08-30 11:32:05,Aug,11,Resgate em Altura,Centro,Média,22,37,Concluído
1122,2025-06-29 11:32:05,Jun,11,Incêndio em Edifício,Região Metropolitana,Alta,7,19,Concluído
1123,2025-07-05 11:32:05,Jul,11,APH - Mal Súbito,Centro,Média,33,42,Concluído
1124,2025-11-27 11:32:05,Nov,11,Acidente Veicular,Zona Norte,Alta,11,52,Concluído
1125,2025-01-12 11:32:05,Jan,11,Incêndio em Edifício,Zona Sul,Média,40,29,Concluído
1126,2025-01-12 11:32:05,Jan,11,Vazamento de Gás,Zona Sul,Baixa,3,21,Concluído
1127,2025-01-21 11:32:05,Jan,11,Incêndio Florestal,Zona Oeste,Média,30,27,Concluído
1128,2025-04-18 11:32:05,Apr,11,Salvamento Aquático,Zona Sul,Média,26,2,Concluído
1129,2025-07-21 11:32:05,Jul,11,Vazamento de Gás,Centro,Baixa,30,31,Em Andamento
1130,2025-10-25 11:32:05,Oct,11,Resgate em Altura,Região Metropolitana,Média,13,51,Concluído
1131,2025-11-17 11:32:05,Nov,11,Incêndio em Edifício,Centro,Baixa,27,20,Cancelado
1132,2025-03-19 11:32:05,Mar,11,Vazamento de Gás,Centro,Baixa,34,36,Concluído
1133,2025-08-25 11:32:05,Aug,11,Salvamento Aquático,Centro,Baixa,26,35,Em Andamento
1134,2025-05-16 11:32:05,May,11,Incêndio em Edifício,Centro,Média,17,56,Em Andamento
1135,2025-12-09 11:32:05,Dec,11,Resgate em Altura,Zona Norte,Baixa,22,49,Concluído
1136,2025-01-23 11:32:05,Jan,11,Salvamento Aquático,Zona Oeste,Média,25,36,Em Andamento
1137,2025-04-24 11:32:05,Apr,11,Salvamento Aquático,Centro,Alta,11,25,Concluído
1138,2025-01-12 11:32:05,Jan,11,Salvamento Aquático,Zona Norte,Baixa,34,41,Concluído
1139,2025-10-05 11:32:05,Oct,11,Acidente Veicular,Zona Oeste,Alta,14,33,Concluído
1140,2025-02-19 11:32:05,Feb,11,Incêndio em Edifício,Zona Norte,Média,23,12,Concluído
1141,2025-02-18 11:32:05,Feb,11,Acidente Veicular,Zona Sul,Média,30,50,Concluído
1142,2025-02-15 11:32:05,Feb,11,Incêndio Florestal,Zona Sul,Baixa,37,22,Cancelado
1143,2025-04-01 11:32:05,Apr,11,Incêndio em Edifício,Zona Oeste,Alta,8,43,Concluído
1144,2025-01-03 11:32:05,Jan,11,Acidente Veicular,Zona Oeste,Média,21,44,Concluído
1145,2025-04-22 11:32:05,Apr,11,Incêndio Florestal,Zona Oeste,Alta,8,35,Concluído
1146,2025-05-23 11:32:05,May,11,Acidente Veicular,Zona Sul,Alta,9,64,Concluído
1147,2025-08-27 11:32:05,Aug,11,APH - Mal Súbito,Zona Sul,Baixa,29,36,Concluído
1148,2025-08-29 11:32:05,Aug,11,Incêndio em Edifício,Centro,Alta,9,28,Concluído
1149,2025-01-24 11:32:05,Jan,11,Vazamento de Gás,Zona Sul,Média,14,46,Concluído
1150,2025-08-02 11:32:05,Aug,11,Incêndio em Edifício,Zona Oeste,Alta,11,38,Concluído
1151,2025-07-21 11:32:05,Jul,11,Incêndio Florestal,Centro,Baixa,17,35,Concluído
1152,2025-04-25 11:32:05,Apr,11,Acidente Veicular,Zona Oeste,Alta,10,15,Concluído
1153,2025-08-20 11:32:05,Aug,11,Incêndio em Edifício,Zona Norte,Média,40,3,Concluído
1154,2025-12-12 11:32:05,Dec,11,Incêndio em Edifício,Zona Sul,Média,39,27,Cancelado
1155,2025-08-16 11:32:05,Aug,11,Acidente Veicular,Zona Oeste,Alta,11,42,Concluído
1156,2025-10-10 11:32:05,Oct,11,Resgate em Altura,Zona Sul,Baixa,13,27,Concluído
1157,2025-12-01 11:32:05,Dec,11,Vazamento de Gás,Zona Sul,Baixa,32,36,Concluído
1158,2025-06-14 11:32:05,Jun,11,Incêndio Florestal,Zona Norte,Baixa,31,27,Cancelado
1159,2025-07-22 11:32:05,Jul,11,Incêndio em Edifício,Região Metropolitana,Alta,9,34,Concluído
1160,2024-12-17 11:32:05,Dec,11,Resgate em Altura,Zona Sul,Média,27,17,Concluído
1161,2025-08-29 11:32:05,Aug,11,Vazamento de Gás,Região Metropolitana,Baixa,32,23,Concluído
1162,2025-02-25 11:32:05,Feb,11,Resgate em Altura,Zona Oeste,Baixa,22,23,Concluído
1163,2025-03-07 11:32:05,Mar,11,Vazamento de Gás,Região Metropolitana,Baixa,16,31,Concluído
1164,2025-03-04 11:32:05,Mar,11,Incêndio Florestal,Zona Norte,Alta,12,73,Concluído
1165,2025-11-14 11:32:05,Nov,11,APH - Mal Súbito,Zona Sul,Baixa,23,66,Concluído
1166,2025-07-03 11:32:05,Jul,11,Vazamento de Gás,Zona Oeste,Baixa,24,53,Concluído
1167,2025-09-22 11:32:05,Sep,11,Resgate em Altura,Zona Sul,Baixa,9,74,Concluído
1168,2025-06-03 11:32:05,Jun,11,Salvamento Aquático,Zona Norte,Baixa,34,15,Concluído
1169,2025-06-22 11:32:05,Jun,11,Salvamento Aquático,Zona Oeste,Média,29,23,Concluído
1170,2025-03-04 11:32:05,Mar,11,Resgate em Altura,Zona Norte,Média,42,54,Concluído
1171,2025-02-14 11:32:05,Feb,11,Salvamento Aquático,Zona Oeste,Baixa,18,31,Concluído
1172,2025-04-09 11:32:05,Apr,11,Vazamento de Gás,Região Metropolitana,Média,20,39,Concluído
1173,2025-07-14 11:32:05,Jul,11,Incêndio Florestal,Zona Oeste,Alta,9,35,Concluído
1174,2025-11-27 11:32:05,Nov,11,Resgate em Altura,Região Metropolitana,Baixa,30,12,Concluído
1175,2025-10-21 11:32:05,Oct,11,Incêndio em Edifício,Região Metropolitana,Baixa,30,25,Concluído
1176,2025-06-08 11:32:05,Jun,11,Salvamento Aquático,Zona Sul,Baixa,21,35,Concluído
1177,2025-02-16 11:32:05,Feb,11,Incêndio em Edifício,Zona Norte,Alta,8,17,Em Andamento
1178,2025-04-04 11:32:05,Apr,11,Incêndio em Edifício,Zona Sul,Alta,7,26,Concluído
1179,2025-11-06 11:32:05,Nov,11,Incêndio Florestal,Zona Oeste,Média,28,38,Concluído
1180,2025-03-10 11:32:05,Mar,11,Acidente Veicular,Centro,Alta,6,25,Concluído
1181,2025-01-14 11:32:05,Jan,11,Resgate em Altura,Centro,Média,27,12,Concluído
1182,2025-07-06 11:32:05,Jul,11,Acidente Veicular,Região Metropolitana,Alta,10,27,Em Andamento
1183,2025-05-01 11:32:05,May,11,Acidente Veicular,Região Metropolitana,Média,21,28,Concluído
1184,2025-08-15 11:32:05,Aug,11,Incêndio Florestal,Centro,Baixa,24,32,Concluído
1185,2025-08-26 11:32:05,Aug,11,Vazamento de Gás,Zona Norte,Baixa,49,66,Concluído
1186,2025-04-13 11:32:05,Apr,11,Resgate em Altura,Zona Norte,Baixa,26,43,Concluído
1187,2025-06-10 11:32:05,Jun,11,Incêndio Florestal,Centro,Média,38,28,Concluído
1188,2025-04-27 11:32:05,Apr,11,Vazamento de Gás,Região Metropolitana,Baixa,33,22,Concluído
1189,2025-03-11 11:32:05,Mar,11,Incêndio em Edifício,Centro,Alta,9,26,Concluído
1190,2025-08-28 11:32:05,Aug,11,APH - Mal Súbito,Zona Sul,Média,22,69,Concluído
1191,2025-05-05 11:32:05,May,11,Acidente Veicular,Zona Norte,Média,20,15,Concluído
1192,2025-06-13 11:32:05,Jun,11,APH - Mal Súbito,Zona Sul,Baixa,16,81,Concluído
1193,2025-01-19 11:32:05,Jan,11,Resgate em Altura,Zona Norte,Média,9,53,Concluído
1194,2025-09-07 11:32:05,Sep,11,Acidente Veicular,Região Metropolitana,Alta,11,23,Concluído
1195,2025-12-09 11:32:05,Dec,11,Incêndio em Edifício,Região Metropolitana,Alta,11,26,Concluído
1196,2025-07-16 11:32:05,Jul,11,Incêndio Florestal,Zona Oeste,Baixa,34,31,Concluído
1197,2025-06-02 11:32:05,Jun,11,Salvamento Aquático,Zona Norte,Baixa,41,27,Concluído
1198,2025-03-02 11:32:05,Mar,11,Salvamento Aquático,Centro,Média,33,23,Concluído
1199,2025-03-25 11:32:05,Mar,11,Vazamento de Gás,Zona Sul,Baixa,22,49,Concluído
1200,2025-03-03 11:32:05,Mar,11,Resgate em Altura,Centro,Média,16,42,Em Andamento
1201,2025-05-05 11:32:05,May,11,Salvamento Aquático,Região Metropolitana,Baixa,27,35,Concluído
1202,2025-12-10 11:32:05,Dec,11,Salvamento Aquático,Região Metropolitana,Alta,9,69,Cancelado
1203,2025-07-09 11:32:05,Jul,11,Incêndio em Edifício,Centro,Média,21,24,Concluído
1204,2025-03-22 11:32:05,Mar,11,Acidente Veicular,Região Metropolitana,Alta,11,31,Concluído
1205,2025-10-24 11:32:05,Oct,11,Incêndio Florestal,Zona Sul,Baixa,16,40,Concluído
1206,2025-08-07 11:32:05,Aug,11,Vazamento de Gás,Região Metropolitana,Média,4,41,Concluído
1207,2025-11-02 11:32:05,Nov,11,APH - Mal Súbito,Zona Oeste,Baixa,31,78,Em Andamento
1208,2025-10-14 11:32:05,Oct,11,Acidente Veicular,Zona Oeste,Alta,11,21,Concluído
1209,2025-11-27 11:32:05,Nov,11,Incêndio em Edifício,Zona Sul,Média,16,23,Concluído
1210,2025-10-26 11:32:05,Oct,11,APH - Mal Súbito,Zona Oeste,Baixa,39,63,Concluído
1211,2025-10-19 11:32:05,Oct,11,Resgate em Altura,Centro,Alta,7,15,Concluído
1212,2025-05-26 11:32:05,May,11,Salvamento Aquático,Zona Oeste,Baixa,22,50,Concluído
1213,2025-08-06 11:32:05,Aug,11,Salvamento Aquático,Zona Oeste,Alta,11,32,Concluído
1214,2025-02-08 11:32:05,Feb,11,Salvamento Aquático,Zona Sul,Média,28,49,Concluído
1215,2025-06-22 11:32:05,Jun,11,Resgate em Altura,Centro,Alta,7,28,Cancelado
1216,2025-04-04 11:32:05,Apr,11,APH - Mal Súbito,Zona Sul,Média,15,70,Concluído
1217,2025-08-31 11:32:05,Aug,11,Vazamento de Gás,Zona Oeste,Baixa,32,35,Concluído
1218,2025-07-15 11:32:05,Jul,11,Resgate em Altura,Zona Sul,Média,24,30,Concluído
1219,2025-05-10 11:32:05,May,11,Incêndio em Edifício,Centro,Alta,10,34,Concluído
1220,2025-06-20 11:32:05,Jun,11,Incêndio Florestal,Centro,Baixa,19,19,Concluído
1221,2025-11-10 11:32:05,Nov,11,Acidente Veicular,Centro,Alta,9,28,Concluído
1222,2025-02-06 11:32:05,Feb,11,Salvamento Aquático,Região Metropolitana,Média,34,31,Concluído
1223,2025-03-02 11:32:05,Mar,11,Vazamento de Gás,Zona Oeste,Média,33,42,Cancelado
1224,2025-11-18 11:32:05,Nov,11,APH - Mal Súbito,Zona Norte,Baixa,20,83,Concluído
1225,2025-11-26 11:32:05,Nov,11,Incêndio Florestal,Zona Sul,Alta,10,34,Em Andamento
1226,2025-11-27 11:32:05,Nov,11,APH - Mal Súbito,Região Metropolitana,Média,20,78,Concluído
1227,2025-04-02 11:32:05,Apr,11,APH - Mal Súbito,Região Metropolitana,Alta,10,76,Concluído
1228,2024-12-17 11:32:05,Dec,11,Salvamento Aquático,Região Metropolitana,Baixa,18,9,Concluído
1229,2025-06-05 11:32:05,Jun,11,Acidente Veicular,Zona Sul,Média,35,39,Concluído
1230,2025-01-15 11:32:05,Jan,11,Acidente Veicular,Zona Oeste,Alta,11,31,Concluído
1231,2025-04-23 11:32:05,Apr,11,Resgate em Altura,Zona Oeste,Média,21,15,Concluído
1232,2024-12-14 11:32:05,Dec,11,Vazamento de Gás,Centro,Média,34,76,Concluído
1233,2025-07-09 11:32:05,Jul,11,APH - Mal Súbito,Zona Oeste,Baixa,25,50,Concluído
1234,2025-08-27 11:32:05,Aug,11,Incêndio Florestal,Zona Norte,Média,30,19,Concluído
1235,2025-09-05 11:32:05,Sep,11,APH - Mal Súbito,Zona Sul,Alta,13,61,Concluído
1236,2025-08-28 11:32:05,Aug,11,APH - Mal Súbito,Zona Norte,Baixa,10,72,Concluído
1237,2025-10-03 11:32:05,Oct,11,Incêndio Florestal,Zona Sul,Baixa,14,51,Concluído
1238,2025-06-28 11:32:05,Jun,11,Resgate em Altura,Região Metropolitana,Alta,12,17,Concluído
1239,2025-02-02 11:32:05,Feb,11,Salvamento Aquático,Centro,Alta,8,46,Concluído
1240,2025-11-02 11:32:05,Nov,11,APH - Mal Súbito,Zona Sul,Média,21,82,Concluído
1241,2025-02-26 11:32:05,Feb,11,Incêndio em Edifício,Centro,Média,44,53,Em Andamento
1242,2024-12-18 11:32:05,Dec,11,APH - Mal Súbito,Centro,Alta,13,37,Concluído
1243,2025-03-09 11:32:05,Mar,11,Salvamento Aquático,Centro,Baixa,8,39,Em Andamento
1244,2025-09-18 11:32:05,Sep,11,Resgate em Altura,Centro,Média,28,30,Cancelado
1245,2025-12-11 11:32:05,Dec,11,Incêndio em Edifício,Centro,Alta,11,35,Concluído
1246,2025-02-17 11:32:05,Feb,11,Acidente Veicular,Região Metropolitana,Baixa,12,46,Concluído
1247,2025-07-27 11:32:05,Jul,11,Vazamento de Gás,Zona Sul,Baixa,8,23,Concluído
1248,2025-01-05 11:32:05,Jan,11,APH - Mal Súbito,Centro,Média,18,77,Concluído
1249,2025-09-11 11:32:05,Sep,11,Incêndio em Edifício,Centro,Média,25,66,Cancelado
1250,2025-01-07 11:32:05,Jan,11,Vazamento de Gás,Centro,Média,21,43,Concluído
1251,2025-06-20 11:32:05,Jun,11,Acidente Veicular,Centro,Alta,9,46,Concluído
1252,2025-03-18 11:32:05,Mar,11,Incêndio Florestal,Zona Oeste,Média,22,21,Concluído
1253,2025-01-17 11:32:05,Jan,11,Incêndio Florestal,Centro,Baixa,16,33,Concluído
1254,2025-05-14 11:32:05,May,11,Incêndio Florestal,Zona Oeste,Média,25,61,Concluído
1255,2025-05-21 11:32:05,May,11,Resgate em Altura,Zona Oeste,Baixa,35,47,Cancelado
1256,2025-03-14 11:32:05,Mar,11,Incêndio em Edifício,Centro,Baixa,29,6,Cancelado
1257,2025-03-02 11:32:05,Mar,11,Resgate em Altura,Região Metropolitana,Média,9,50,Concluído
1258,2025-05-18 11:32:05,May,11,Salvamento Aquático,Zona Norte,Baixa,19,46,Concluído
1259,2025-10-09 11:32:05,Oct,11,APH - Mal Súbito,Zona Norte,Baixa,21,68,Concluído
1260,2025-05-06 11:32:05,May,11,Salvamento Aquático,Zona Sul,Baixa,34,48,Concluído
1261,2025-05-16 11:32:05,May,11,APH - Mal Súbito,Região Metropolitana,Média,17,53,Concluído
1262,2025-08-08 11:32:05,Aug,11,Vazamento de Gás,Zona Norte,Alta,11,23,Concluído
1263,2025-01-27 11:32:05,Jan,11,Salvamento Aquático,Zona Norte,Média,29,49,Concluído
1264,2025-05-22 11:32:05,May,11,Vazamento de Gás,Zona Oeste,Baixa,25,36,Concluído
1265,2024-12-17 11:32:05,Dec,11,Salvamento Aquático,Zona Norte,Média,33,24,Concluído
1266,2025-09-07 11:32:05,Sep,11,Salvamento Aquático,Zona Oeste,Alta,9,17,Concluído
1267,2025-03-11 11:32:05,Mar,11,Acidente Veicular,Zona Oeste,Alta,8,35,Cancelado
1268,2025-06-28 11:32:05,Jun,11,Salvamento Aquático,Zona Sul,Média,21,45,Concluído
1269,2025-02-21 11:32:05,Feb,11,APH - Mal Súbito,Região Metropolitana,Baixa,10,65,Concluído
1270,2025-09-19 11:32:05,Sep,11,Acidente Veicular,Zona Sul,Alta,8,40,Concluído
1271,2025-07-11 11:32:05,Jul,11,Incêndio Florestal,Zona Norte,Baixa,40,17,Concluído
1272,2025-08-07 11:32:05,Aug,11,Salvamento Aquático,Zona Norte,Média,22,31,Concluído
1273,2025-04-06 11:32:05,Apr,11,Vazamento de Gás,Centro,Média,35,22,Concluído
1274,2025-01-21 11:32:05,Jan,11,Acidente Veicular,Zona Oeste,Média,29,14,Concluído
1275,2025-11-08 11:32:05,Nov,11,Salvamento Aquático,Zona Norte,Média,33,34,Em Andamento
1276,2025-06-19 11:32:05,Jun,11,Salvamento Aquático,Zona Sul,Baixa,26,57,Concluído
1277,2025-08-28 11:32:05,Aug,11,Acidente Veicular,Região Metropolitana,Alta,11,62,Em Andamento
1278,2025-12-08 11:32:05,Dec,11,Acidente Veicular,Zona Oeste,Alta,10,42,Concluído
1279,2025-07-30 11:32:05,Jul,11,Incêndio em Edifício,Zona Sul,Alta,9,29,Concluído
1280,2025-05-08 11:32:05,May,11,Salvamento Aquático,Região Metropolitana,Média,25,35,Concluído
1281,2025-02-18 11:32:05,Feb,11,Vazamento de Gás,Região Metropolitana,Baixa,23,29,Concluído
1282,2025-08-27 11:32:05,Aug,11,Salvamento Aquático,Região Metropolitana,Baixa,1,14,Concluído
1283,2025-09-16 11:32:05,Sep,11,Incêndio Florestal,Região Metropolitana,Média,26,47,Concluído
1284,2025-09-09 11:32:05,Sep,11,Vazamento de Gás,Zona Norte,Média,18,19,Concluído
1285,2024-12-18 11:32:05,Dec,11,Incêndio em Edifício,Zona Oeste,Alta,11,40,Concluído
1286,2025-08-18 11:32:05,Aug,11,Incêndio em Edifício,Zona Norte,Média,23,28,Concluído
1287,2025-04-11 11:32:05,Apr,11,Incêndio Florestal,Zona Sul,Média,16,42,Concluído
1288,2025-05-06 11:32:05,May,11,Salvamento Aquático,Região Metropolitana,Baixa,35,33,Concluído
1289,2025-04-23 11:32:05,Apr,11,Salvamento Aquático,Centro,Média,43,52,Concluído
1290,2025-09-21 11:32:05,Sep,11,Salvamento Aquático,Zona Sul,Baixa,18,49,Concluído
1291,2025-01-17 11:32:05,Jan,11,Acidente Veicular,Centro,Média,12,30,Em Andamento
1292,2025-08-13 11:32:05,Aug,11,APH - Mal Súbito,Região Metropolitana,Média,28,81,Concluído
1293,2025-01-21 11:32:05,Jan,11,APH - Mal Súbito,Região Metropolitana,Média,39,53,Concluído
1294,2025-05-16 11:32:05,May,11,Vazamento de Gás,Região Metropolitana,Média,36,30,Concluído
1295,2025-08-01 11:32:05,Aug,11,APH - Mal Súbito,Centro,Baixa,28,40,Concluído
1296,2025-11-20 11:32:05,Nov,11,Vazamento de Gás,Região Metropolitana,Baixa,35,19,Concluído
1297,2025-08-15 11:32:05,Aug,11,APH - Mal Súbito,Zona Norte,Média,14,55,Concluído
1298,2025-06-04 11:32:05,Jun,11,Resgate em Altura,Zona Sul,Baixa,24,25,Concluído
1299,2025-10-13 11:32:05,Oct,11,APH - Mal Súbito,Zona Norte,Média,34,66,Concluído
1300,2025-06-05 11:32:05,Jun,11,Resgate em Altura,Região Metropolitana,Média,40,46,Concluído
1301,2025-12-11 11:32:05,Dec,11,Vazamento de Gás,Centro,Baixa,13,15,Cancelado
1302,2025-03-08 11:32:05,Mar,11,Incêndio em Edifício,Zona Norte,Alta,11,30,Concluído
1303,2025-08-15 11:32:05,Aug,11,Resgate em Altura,Região Metropolitana,Baixa,54,50,Concluído
1304,2025-07-27 11:32:05,Jul,11,Acidente Veicular,Zona Norte,Alta,10,12,Em Andamento
1305,2025-11-21 11:32:05,Nov,11,Salvamento Aquático,Zona Sul,Média,30,50,Concluído
1306,2025-10-18 11:32:05,Oct,11,Acidente Veicular,Centro,Baixa,34,40,Em Andamento
1307,2025-05-29 11:32:05,May,11,APH - Mal Súbito,Região Metropolitana,Baixa,19,90,Concluído
1308,2025-06-09 11:32:05,Jun,11,Resgate em Altura,Região Metropolitana,Média,37,61,Concluído
1309,2025-06-26 11:32:05,Jun,11,APH - Mal Súbito,Zona Norte,Média,14,57,Concluído
1310,2025-09-22 11:32:05,Sep,11,APH - Mal Súbito,Zona Norte,Média,19,45,Concluído
1311,2025-11-08 11:32:05,Nov,11,Salvamento Aquático,Centro,Média,24,32,Concluído
1312,2025-10-25 11:32:05,Oct,11,Incêndio Florestal,Zona Sul,Média,34,19,Concluído
1313,2025-06-27 11:32:05,Jun,11,Resgate em Altura,Região Metropolitana,Alta,7,55,Concluído
1314,2025-11-21 11:32:05,Nov,11,Incêndio em Edifício,Zona Oeste,Alta,9,25,Concluído
1315,2025-08-26 11:32:05,Aug,11,Incêndio em Edifício,Zona Oeste,Alta,8,15,Concluído
1316,2025-06-04 11:32:05,Jun,11,Salvamento Aquático,Centro,Baixa,29,15,Em Andamento
1317,2025-02-08 11:32:05,Feb,11,Acidente Veicular,Zona Sul,Alta,10,31,Concluído
1318,2025-02-10 11:32:05,Feb,11,Resgate em Altura,Zona Norte,Média,22,18,Concluído
1319,2025-03-29 11:32:05,Mar,11,Salvamento Aquático,Região Metropolitana,Média,27,15,Concluído
1320,2025-06-06 11:32:05,Jun,11,Incêndio Florestal,Zona Sul,Baixa,9,33,Concluído
1321,2025-03-11 11:32:05,Mar,11,Salvamento Aquático,Centro,Baixa,29,34,Concluído
1322,2025-03-27 11:32:05,Mar,11,APH - Mal Súbito,Zona Norte,Média,21,54,Concluído
1323,2025-06-11 11:32:05,Jun,11,Vazamento de Gás,Zona Sul,Média,30,32,Concluído
1324,2025-03-25 11:32:05,Mar,11,Incêndio Florestal,Zona Oeste,Baixa,11,37,Concluído
1325,2025-06-09 11:32:05,Jun,11,Resgate em Altura,Zona Oeste,Baixa,9,30,Concluído
1326,2025-04-12 11:32:05,Apr,11,Acidente Veicular,Centro,Média,15,10,Concluído
1327,2025-05-16 11:32:05,May,11,Incêndio em Edifício,Zona Norte,Alta,8,43,Concluído
1328,2025-07-13 11:32:05,Jul,11,APH - Mal Súbito,Zona Sul,Alta,9,80,Concluído
1329,2025-03-22 11:32:05,Mar,11,Acidente Veicular,Centro,Alta,11,57,Concluído
1330,2025-05-04 11:32:05,May,11,Incêndio em Edifício,Região Metropolitana,Alta,11,53,Concluído
1331,2025-01-01 11:32:05,Jan,11,Acidente Veicular,Zona Sul,Alta,10,34,Concluído
1332,2025-10-31 11:32:05,Oct,11,Incêndio em Edifício,Zona Norte,Média,23,34,Concluído
1333,2024-12-23 11:32:05,Dec,11,APH - Mal Súbito,Zona Oeste,Média,27,56,Concluído
1334,2025-10-29 11:32:05,Oct,11,Resgate em Altura,Zona Norte,Média,24,57,Concluído
1335,2025-05-17 11:32:05,May,11,Salvamento Aquático,Zona Oeste,Média,24,29,Concluído
1336,2025-06-11 11:32:05,Jun,11,Vazamento de Gás,Zona Sul,Média,32,28,Concluído
1337,2024-12-14 11:32:05,Dec,11,Incêndio em Edifício,Zona Norte,Média,27,49,Concluído
1338,2024-12-14 11:32:05,Dec,11,Vazamento de Gás,Região Metropolitana,Baixa,5,13,Concluído
1339,2025-11-02 11:32:05,Nov,11,Resgate em Altura,Zona Oeste,Baixa,24,28,Em Andamento
1340,2025-03-22 11:32:05,Mar,11,Resgate em Altura,Região Metropolitana,Baixa,20,28,Concluído
1341,2025-09-03 11:32:05,Sep,11,Salvamento Aquático,Região Metropolitana,Baixa,25,49,Concluído
1342,2025-09-07 11:32:05,Sep,11,APH - Mal Súbito,Zona Norte,Média,15,76,Concluído
1343,2025-09-02 11:32:05,Sep,11,Incêndio em Edifício,Região Metropolitana,Média,16,9,Cancelado
1344,2025-11-27 11:32:05,Nov,11,Vazamento de Gás,Zona Norte,Baixa,18,43,Concluído
1345,2025-06-17 11:32:05,Jun,11,Incêndio Florestal,Região Metropolitana,Baixa,33,17,Concluído
1346,2025-06-25 11:32:05,Jun,11,Resgate em Altura,Zona Oeste,Baixa,6,57,Concluído
1347,2025-04-08 11:32:05,Apr,11,Incêndio em Edifício,Centro,Alta,8,55,Concluído
1348,2025-08-27 11:32:05,Aug,11,Incêndio em Edifício,Zona Oeste,Baixa,19,30,Cancelado
1349,2025-11-10 11:32:05,Nov,11,Vazamento de Gás,Centro,Baixa,31,41,Concluído
1350,2025-06-02 11:32:05,Jun,11,Salvamento Aquático,Centro,Baixa,33,13,Em Andamento
1351,2025-10-22 11:32:05,Oct,11,Salvamento Aquático,Zona Sul,Baixa,30,22,Em Andamento
1352,2024-12-21 11:32:05,Dec,11,Resgate em Altura,Zona Oeste,Média,28,34,Concluído
1353,2025-10-16 11:32:05,Oct,11,Resgate em Altura,Zona Norte,Baixa,29,43,Concluído
1354,2025-09-29 11:32:05,Sep,11,Vazamento de Gás,Zona Norte,Baixa,4,20,Concluído
1355,2024-12-22 11:32:05,Dec,11,APH - Mal Súbito,Zona Norte,Média,31,85,Cancelado
1356,2025-10-09 11:32:05,Oct,11,APH - Mal Súbito,Zona Oeste,Baixa,40,37,Concluído
1357,2025-10-25 11:32:05,Oct,11,Incêndio em Edifício,Centro,Média,11,30,Concluído
1358,2025-02-18 11:32:05,Feb,11,APH - Mal Súbito,Região Metropolitana,Média,18,79,Em Andamento
1359,2025-05-15 11:32:05,May,11,Incêndio Florestal,Zona Sul,Baixa,18,45,Concluído
1360,2025-05-12 11:32:05,May,11,APH - Mal Súbito,Zona Norte,Baixa,13,94,Concluído
1361,2025-08-12 11:32:05,Aug,11,Acidente Veicular,Zona Oeste,Média,35,34,Concluído
1362,2025-04-06 11:32:05,Apr,11,Resgate em Altura,Zona Sul,Média,39,55,Concluído
1363,2025-01-27 11:32:05,Jan,11,Incêndio em Edifício,Região Metropolitana,Média,19,22,Concluído
1364,2024-12-21 11:32:05,Dec,11,Acidente Veicular,Zona Sul,Alta,10,41,Concluído
1365,2025-04-04 11:32:05,Apr,11,Incêndio em Edifício,Zona Sul,Alta,10,45,Concluído
1366,2025-02-10 11:32:05,Feb,11,Incêndio Florestal,Região Metropolitana,Média,29,60,Cancelado
1367,2025-01-18 11:32:05,Jan,11,Salvamento Aquático,Região Metropolitana,Baixa,1,32,Concluído
1368,2025-06-16 11:32:05,Jun,11,APH - Mal Súbito,Centro,Baixa,29,56,Concluído
1369,2025-07-29 11:32:05,Jul,11,Salvamento Aquático,Zona Oeste,Média,23,53,Em Andamento
1370,2025-08-20 11:32:05,Aug,11,Incêndio em Edifício,Zona Norte,Alta,9,44,Concluído
1371,2025-07-08 11:32:05,Jul,11,APH - Mal Súbito,Região Metropolitana,Média,45,45,Concluído
1372,2025-04-19 11:32:05,Apr,11,Vazamento de Gás,Centro,Média,12,34,Concluído
1373,2025-10-17 11:32:05,Oct,11,Resgate em Altura,Região Metropolitana,Baixa,34,43,Concluído
1374,2025-03-20 11:32:05,Mar,11,Incêndio Florestal,Região Metropolitana,Baixa,38,31,Concluído
1375,2025-09-03 11:32:05,Sep,11,Resgate em Altura,Zona Norte,Baixa,36,21,Concluído
1376,2025-04-05 11:32:05,Apr,11,APH - Mal Súbito,Zona Sul,Média,27,50,Concluído
1377,2025-02-21 11:32:05,Feb,11,Resgate em Altura,Região Metropolitana,Média,18,22,Concluído
1378,2025-08-13 11:32:05,Aug,11,Acidente Veicular,Zona Oeste,Alta,8,37,Concluído
1379,2025-03-21 11:32:05,Mar,11,Incêndio em Edifício,Zona Sul,Baixa,26,18,Concluído
1380,2025-06-20 11:32:05,Jun,11,Salvamento Aquático,Região Metropolitana,Baixa,32,44,Concluído
1381,2025-04-07 11:32:05,Apr,11,Incêndio Florestal,Zona Norte,Média,19,39,Concluído
1382,2025-11-01 11:32:05,Nov,11,APH - Mal Súbito,Zona Norte,Baixa,13,65,Concluído
1383,2025-05-27 11:32:05,May,11,APH - Mal Súbito,Zona Norte,Baixa,30,61,Concluído
1384,2025-11-05 11:32:05,Nov,11,Vazamento de Gás,Zona Oeste,Baixa,23,49,Em Andamento
1385,2025-08-23 11:32:05,Aug,11,Incêndio Florestal,Zona Norte,Média,36,46,Concluído
1386,2025-04-12 11:32:05,Apr,11,Acidente Veicular,Zona Sul,Alta,11,42,Em Andamento
1387,2025-11-07 11:32:05,Nov,11,Vazamento de Gás,Região Metropolitana,Baixa,8,24,Em Andamento
1388,2025-09-21 11:32:05,Sep,11,Salvamento Aquático,Zona Norte,Baixa,30,31,Concluído
1389,2025-01-06 11:32:05,Jan,11,Incêndio Florestal,Zona Norte,Média,21,25,Concluído
1390,2025-05-13 11:32:05,May,11,Vazamento de Gás,Centro,Baixa,8,54,Concluído
1391,2025-11-15 11:32:05,Nov,11,Resgate em Altura,Região Metropolitana,Baixa,35,29,Concluído
1392,2025-07-04 11:32:05,Jul,11,Acidente Veicular,Centro,Alta,11,38,Concluído
1393,2025-11-21 11:32:05,Nov,11,Resgate em Altura,Zona Sul,Alta,9,28,Concluído
1394,2025-02-21 11:32:05,Feb,11,Acidente Veicular,Região Metropolitana,Alta,12,42,Em Andamento
1395,2025-08-06 11:32:05,Aug,11,Salvamento Aquático,Zona Norte,Baixa,17,28,Concluído
1396,2025-01-20 11:32:05,Jan,11,APH - Mal Súbito,Zona Oeste,Média,21,61,Concluído
1397,2025-02-01 11:32:05,Feb,11,APH - Mal Súbito,Zona Norte,Baixa,13,71,Concluído
1398,2025-11-03 11:32:05,Nov,11,Salvamento Aquático,Centro,Baixa,29,33,Concluído
1399,2025-05-21 11:32:05,May,11,Resgate em Altura,Zona Norte,Média,16,37,Cancelado
1400,2025-09-30 11:32:05,Sep,11,Resgate em Altura,Região Metropolitana,Baixa,25,52,Concluído
1401,2025-06-03 11:32:05,Jun,11,Vazamento de Gás,Zona Oeste,Média,36,35,Cancelado
1402,2025-11-22 11:32:05,Nov,11,Resgate em Altura,Centro,Média,29,27,Concluído
1403,2025-08-26 11:32:05,Aug,11,Incêndio em Edifício,Região Metropolitana,Média,6,53,Concluído
1404,2025-03-19 11:32:05,Mar,11,Acidente Veicular,Zona Sul,Alta,5,33,Concluído
1405,2025-08-24 11:32:05,Aug,11,Resgate em Altura,Zona Norte,Alta,8,36,Concluído
1406,2025-01-31 11:32:05,Jan,11,APH - Mal Súbito,Região Metropolitana,Média,25,71,Concluído
1407,2025-11-19 11:32:05,Nov,11,Resgate em Altura,Zona Sul,Alta,11,42,Concluído
1408,2025-11-27 11:32:05,Nov,11,APH - Mal Súbito,Zona Sul,Média,15,73,Concluído
1409,2025-08-09 11:32:05,Aug,11,Incêndio Florestal,Zona Norte,Baixa,30,24,Concluído
1410,2025-07-07 11:32:05,Jul,11,Vazamento de Gás,Zona Norte,Média,23,34,Concluído
1411,2025-02-10 11:32:05,Feb,11,Salvamento Aquático,Zona Norte,Média,38,15,Em Andamento
1412,2025-01-16 11:32:05,Jan,11,Salvamento Aquático,Região Metropolitana,Baixa,20,44,Concluído
1413,2025-09-11 11:32:05,Sep,11,Vazamento de Gás,Zona Norte,Baixa,32,24,Concluído
1414,2025-03-22 11:32:05,Mar,11,Salvamento Aquático,Região Metropolitana,Baixa,29,44,Cancelado
1415,2025-08-16 11:32:05,Aug,11,Acidente Veicular,Região Metropolitana,Média,21,36,Concluído
1416,2025-06-01 11:32:05,Jun,11,APH - Mal Súbito,Centro,Média,36,67,Concluído
1417,2025-08-23 11:32:05,Aug,11,Acidente Veicular,Zona Norte,Alta,12,29,Concluído
1418,2025-12-11 11:32:05,Dec,11,Incêndio em Edifício,Região Metropolitana,Média,34,50,Em Andamento
1419,2025-10-09 11:32:05,Oct,11,Incêndio em Edifício,Zona Oeste,Alta,11,17,Concluído
1420,2024-12-30 11:32:05,Dec,11,Acidente Veicular,Centro,Alta,11,17,Concluído
1421,2025-02-21 11:32:05,Feb,11,Resgate em Altura,Zona Oeste,Média,24,51,Concluído
1422,2025-10-18 11:32:05,Oct,11,Incêndio Florestal,Zona Oeste,Baixa,24,24,Concluído
1423,2025-03-04 11:32:05,Mar,11,Vazamento de Gás,Zona Norte,Média,17,21,Em Andamento
1424,2025-11-19 11:32:05,Nov,11,Salvamento Aquático,Região Metropolitana,Baixa,27,78,Em Andamento
1425,2025-07-17 11:32:05,Jul,11,Incêndio Florestal,Centro,Baixa,20,16,Em Andamento
1426,2025-05-22 11:32:05,May,11,Vazamento de Gás,Zona Sul,Média,39,39,Concluído
1427,2025-09-24 11:32:05,Sep,11,Salvamento Aquático,Centro,Baixa,26,49,Concluído
1428,2025-10-23 11:32:05,Oct,11,Incêndio em Edifício,Região Metropolitana,Média,38,63,Concluído
1429,2025-10-27 11:32:05,Oct,11,Incêndio em Edifício,Zona Sul,Média,13,48,Concluído
1430,2025-08-19 11:32:05,Aug,11,Acidente Veicular,Zona Norte,Alta,10,42,Concluído
1431,2025-01-06 11:32:05,Jan,11,Vazamento de Gás,Zona Norte,Média,33,25,Concluído
1432,2025-01-28 11:32:05,Jan,11,Acidente Veicular,Centro,Alta,12,37,Cancelado
1433,2025-11-21 11:32:05,Nov,11,Acidente Veicular,Zona Sul,Média,21,28,Concluído
1434,2025-10-21 11:32:05,Oct,11,Incêndio em Edifício,Zona Sul,Alta,9,51,Concluído
1435,2025-08-09 11:32:05,Aug,11,Vazamento de Gás,Centro,Baixa,27,39,Em Andamento
1436,2025-04-13 11:32:05,Apr,11,Incêndio em Edifício,Zona Sul,Alta,13,26,Concluído
1437,2025-01-11 11:32:05,Jan,11,Incêndio em Edifício,Zona Sul,Alta,10,28,Em Andamento
1438,2025-04-23 11:32:05,Apr,11,Vazamento de Gás,Zona Norte,Baixa,11,15,Concluído
1439,2025-10-30 11:32:05,Oct,11,Resgate em Altura,Zona Oeste,Média,35,44,Concluído
1440,2025-07-17 11:32:05,Jul,11,Incêndio Florestal,Zona Oeste,Baixa,34,26,Concluído
1441,2025-01-29 11:32:05,Jan,11,Incêndio Florestal,Região Metropolitana,Baixa,31,53,Concluído
1442,2025-05-12 11:32:05,May,11,Acidente Veicular,Região Metropolitana,Alta,9,41,Concluído
1443,2025-09-08 11:32:05,Sep,11,Vazamento de Gás,Zona Sul,Média,41,19,Concluído
1444,2025-10-27 11:32:05,Oct,11,Vazamento de Gás,Região Metropolitana,Média,20,22,Concluído
1445,2025-09-16 11:32:05,Sep,11,Vazamento de Gás,Centro,Média,7,49,Concluído
1446,2025-10-11 11:32:05,Oct,11,Acidente Veicular,Região Metropolitana,Alta,11,43,Em Andamento
1447,2025-03-01 11:32:05,Mar,11,APH - Mal Súbito,Zona Sul,Média,14,49,Em Andamento
1448,2025-07-23 11:32:05,Jul,11,APH - Mal Súbito,Zona Oeste,Alta,8,57,Concluído
1449,2025-10-27 11:32:05,Oct,11,Salvamento Aquático,Centro,Baixa,23,35,Concluído
1450,2025-01-15 11:32:05,Jan,11,Vazamento de Gás,Zona Sul,Alta,9,42,Concluído
1451,2025-11-28 11:32:05,Nov,11,Vazamento de Gás,Zona Oeste,Baixa,24,46,Concluído
1452,2025-08-07 11:32:05,Aug,11,APH - Mal Súbito,Região Metropolitana,Baixa,10,52,Concluído
1453,2025-02-18 11:32:05,Feb,11,Salvamento Aquático,Zona Oeste,Baixa,26,20,Concluído
1454,2025-01-29 11:32:05,Jan,11,Vazamento de Gás,Zona Oeste,Alta,12,38,Concluído
1455,2025-05-11 11:32:05,May,11,Incêndio em Edifício,Zona Oeste,Alta,11,29,Concluído
1456,2025-05-22 11:32:05,May,11,Resgate em Altura,Centro,Alta,8,31,Concluído
1457,2025-09-23 11:32:05,Sep,11,Resgate em Altura,Zona Oeste,Baixa,27,37,Concluído
1458,2025-12-11 11:32:05,Dec,11,APH - Mal Súbito,Zona Norte,Baixa,31,77,Concluído
1459,2024-12-15 11:32:05,Dec,11,APH - Mal Súbito,Região Metropolitana,Baixa,30,83,Em Andamento
1460,2025-06-07 11:32:05,Jun,11,Resgate em Altura,Zona Norte,Alta,6,22,Concluído
1461,2025-12-11 11:32:05,Dec,11,Acidente Veicular,Zona Sul,Alta,11,39,Concluído
1462,2025-08-28 11:32:05,Aug,11,Salvamento Aquático,Centro,Média,21,37,Concluído
1463,2025-10-29 11:32:05,Oct,11,Vazamento de Gás,Região Metropolitana,Baixa,14,37,Concluído
1464,2025-01-26 11:32:05,Jan,11,APH - Mal Súbito,Região Metropolitana,Média,19,51,Concluído
1465,2025-10-15 11:32:05,Oct,11,Resgate em Altura,Centro,Baixa,16,51,Concluído
1466,2025-08-07 11:32:05,Aug,11,Vazamento de Gás,Centro,Média,36,32,Concluído
1467,2025-10-04 11:32:05,Oct,11,Vazamento de Gás,Zona Norte,Baixa,4,20,Concluído
1468,2025-06-23 11:32:05,Jun,11,Salvamento Aquático,Zona Sul,Baixa,25,35,Cancelado
1469,2025-10-07 11:32:05,Oct,11,Acidente Veicular,Zona Norte,Alta,11,47,Concluído
1470,2025-12-04 11:32:05,Dec,11,Vazamento de Gás,Zona Norte,Baixa,14,45,Concluído
1471,2025-05-25 11:32:05,May,11,Acidente Veicular,Zona Norte,Média,30,41,Concluído
1472,2025-07-17 11:32:05,Jul,11,Incêndio em Edifício,Zona Norte,Alta,11,20,Concluído
1473,2025-05-31 11:32:05,May,11,Incêndio em Edifício,Zona Sul,Média,32,53,Concluído
1474,2025-04-07 11:32:05,Apr,11,Salvamento Aquático,Região Metropolitana,Baixa,23,64,Concluído
1475,2025-10-31 11:32:05,Oct,11,Incêndio em Edifício,Zona Norte,Alta,10,40,Concluído
1476,2025-11-27 11:32:05,Nov,11,Acidente Veicular,Zona Sul,Alta,7,11,Concluído
1477,2025-04-12 11:32:05,Apr,11,Incêndio Florestal,Zona Norte,Baixa,38,37,Concluído
1478,2024-12-14 11:32:05,Dec,11,Incêndio em Edifício,Zona Norte,Média,9,23,Concluído
1479,2025-07-24 11:32:05,Jul,11,Salvamento Aquático,Zona Oeste,Baixa,25,15,Concluído
1480,2025-11-21 11:32:05,Nov,11,Acidente Veicular,Zona Oeste,Alta,11,20,Concluído
1481,2025-09-24 11:32:05,Sep,11,APH - Mal Súbito,Zona Norte,Baixa,28,75,Concluído
1482,2025-09-17 11:32:05,Sep,11,Incêndio em Edifício,Zona Norte,Alta,9,19,Concluído
1483,2025-12-07 11:32:05,Dec,11,Salvamento Aquático,Região Metropolitana,Baixa,38,23,Concluído
1484,2025-06-23 11:32:05,Jun,11,Incêndio em Edifício,Zona Sul,Alta,6,16,Concluído
1485,2025-10-23 11:32:05,Oct,11,Salvamento Aquático,Zona Norte,Baixa,32,23,Concluído
1486,2025-07-24 11:32:05,Jul,11,Vazamento de Gás,Região Metropolitana,Média,22,37,Concluído
1487,2025-06-23 11:32:05,Jun,11,Resgate em Altura,Zona Norte,Baixa,41,39,Concluído
1488,2025-07-23 11:32:05,Jul,11,Incêndio Florestal,Zona Sul,Baixa,16,52,Em Andamento
1489,2025-06-13 11:32:05,Jun,11,Vazamento de Gás,Região Metropolitana,Alta,9,16,Concluído
1490,2025-08-31 11:32:05,Aug,11,Vazamento de Gás,Região Metropolitana,Baixa,18,46,Concluído
1491,2025-07-04 11:32:05,Jul,11,Resgate em Altura,Zona Norte,Média,40,31,Concluído
1492,2025-05-31 11:32:05,May,11,Salvamento Aquático,Centro,Baixa,27,35,Concluído
1493,2025-03-23 11:32:05,Mar,11,Incêndio Florestal,Zona Oeste,Baixa,9,23,Concluído
1494,2025-01-03 11:32:05,Jan,11,Incêndio Florestal,Zona Norte,Baixa,32,39,Concluído
1495,2025-12-08 11:32:05,Dec,11,Incêndio em Edifício,Região Metropolitana,Alta,7,33,Concluído
1496,2025-04-26 11:32:05,Apr,11,Incêndio em Edifício,Zona Oeste,Média,19,58,Concluído
1497,2025-05-26 11:32:05,May,11,Incêndio em Edifício,Zona Oeste,Média,31,66,Concluído
1498,2025-04-17 11:32:05,Apr,11,Resgate em Altura,Centro,Alta,12,26,Concluído
1499,2025-03-03 11:32:05,Mar,11,APH - Mal Súbito,Centro,Alta,11,47,Concluído
1500,2025-12-07 11:32:05,Dec,11,Resgate em Altura,Zona Oeste,Baixa,27,15,Concluído
1501,2025-08-14 11:32:05,Aug,11,APH - Mal Súbito,Zona Sul,Média,33,84,Concluído
1502,2025-10-03 11:32:05,Oct,11,Vazamento de Gás,Zona Oeste,Alta,6,11,Concluído
1503,2025-10-08 11:32:05,Oct,11,Acidente Veicular,Zona Oeste,Média,23,47,Concluído
1504,2025-07-14 11:32:05,Jul,11,APH - Mal Súbito,Região Metropolitana,Média,21,62,Concluído
1505,2025-04-06 11:32:05,Apr,11,Vazamento de Gás,Zona Sul,Média,18,39,Em Andamento
1506,2025-05-23 11:32:05,May,11,Incêndio Florestal,Região Metropolitana,Média,23,58,Concluído
1507,2024-12-14 11:32:05,Dec,11,Salvamento Aquático,Região Metropolitana,Baixa,12,21,Concluído
1508,2025-09-09 11:32:05,Sep,11,APH - Mal Súbito,Zona Sul,Baixa,35,24,Concluído
1509,2025-03-27 11:32:05,Mar,11,Incêndio em Edifício,Região Metropolitana,Média,50,45,Concluído
1510,2025-04-30 11:32:05,Apr,11,Vazamento de Gás,Região Metropolitana,Baixa,11,41,Concluído
1511,2025-09-30 11:32:05,Sep,11,Incêndio Florestal,Região Metropolitana,Baixa,32,37,Concluído
1512,2025-11-18 11:32:05,Nov,11,Resgate em Altura,Zona Norte,Baixa,27,39,Concluído
1513,2025-05-13 11:32:05,May,11,APH - Mal Súbito,Zona Oeste,Baixa,18,82,Concluído
1514,2024-12-28 11:32:05,Dec,11,APH - Mal Súbito,Centro,Média,34,60,Concluído
1515,2025-10-05 11:32:05,Oct,11,Incêndio Florestal,Centro,Baixa,13,23,Concluído
1516,2025-08-23 11:32:05,Aug,11,Acidente Veicular,Zona Oeste,Alta,9,42,Concluído
1517,2025-10-16 11:32:05,Oct,11,Vazamento de Gás,Centro,Média,22,42,Concluído
1518,2025-01-07 11:32:05,Jan,11,Vazamento de Gás,Zona Oeste,Média,27,33,Concluído
1519,2025-06-15 11:32:05,Jun,11,Acidente Veicular,Região Metropolitana,Média,33,38,Cancelado
1520,2025-02-23 11:32:05,Feb,11,Acidente Veicular,Região Metropolitana,Média,19,25,Concluído
1521,2025-10-30 11:32:05,Oct,11,Acidente Veicular,Centro,Alta,8,40,Concluído
1522,2025-11-01 11:32:05,Nov,11,Resgate em Altura,Zona Oeste,Média,39,31,Concluído
1523,2025-10-13 11:32:05,Oct,11,APH - Mal Súbito,Zona Oeste,Média,37,71,Cancelado
1524,2025-03-20 11:32:05,Mar,11,Incêndio em Edifício,Centro,Alta,9,30,Concluído
1525,2025-01-27 11:32:05,Jan,11,Incêndio Florestal,Centro,Baixa,33,40,Concluído
1526,2025-03-26 11:32:05,Mar,11,Incêndio em Edifício,Centro,Média,27,30,Concluído
1527,2025-12-10 11:32:05,Dec,11,APH - Mal Súbito,Zona Sul,Baixa,32,57,Em Andamento
1528,2025-11-18 11:32:05,Nov,11,Incêndio Florestal,Zona Norte,Baixa,22,32,Em Andamento
1529,2025-10-20 11:32:05,Oct,11,Incêndio em Edifício,Centro,Média,25,13,Concluído
1530,2025-05-13 11:32:05,May,11,Acidente Veicular,Zona Sul,Alta,12,27,Concluído
1531,2025-11-07 11:32:05,Nov,11,Vazamento de Gás,Zona Sul,Baixa,11,27,Concluído
1532,2025-08-15 11:32:05,Aug,11,Resgate em Altura,Zona Oeste,Média,44,27,Concluído
1533,2025-10-29 11:32:05,Oct,11,Salvamento Aquático,Centro,Média,16,38,Concluído
1534,2025-07-07 11:32:05,Jul,11,Resgate em Altura,Zona Sul,Baixa,25,53,Concluído
1535,2025-09-17 11:32:05,Sep,11,Resgate em Altura,Centro,Alta,10,37,Concluído
1536,2025-01-27 11:32:05,Jan,11,APH - Mal Súbito,Centro,Baixa,7,63,Concluído
1537,2025-08-20 11:32:05,Aug,11,Salvamento Aquático,Zona Oeste,Baixa,26,41,Em Andamento
1538,2025-05-24 11:32:05,May,11,Salvamento Aquático,Zona Sul,Média,27,49,Concluído
1539,2025-09-06 11:32:05,Sep,11,Resgate em Altura,Zona Norte,Alta,8,31,Concluído
1540,2025-05-24 11:32:05,May,11,Acidente Veicular,Região Metropolitana,Média,27,47,Cancelado
1541,2025-09-30 11:32:05,Sep,11,Incêndio Florestal,Zona Norte,Baixa,14,43,Concluído
1542,2025-04-30 11:32:05,Apr,11,Resgate em Altura,Zona Norte,Baixa,33,17,Concluído
1543,2025-08-22 11:32:05,Aug,11,Acidente Veicular,Zona Sul,Baixa,18,16,Concluído
1544,2025-02-05 11:32:05,Feb,11,Acidente Veicular,Região Metropolitana,Alta,11,17,Concluído
1545,2025-01-14 11:32:05,Jan,11,Vazamento de Gás,Zona Norte,Baixa,29,41,Concluído
1546,2025-10-19 11:32:05,Oct,11,Salvamento Aquático,Zona Oeste,Alta,5,36,Concluído
1547,2025-10-21 11:32:05,Oct,11,Incêndio Florestal,Região Metropolitana,Média,30,55,Concluído
1548,2025-02-18 11:32:05,Feb,11,Incêndio Florestal,Centro,Baixa,20,18,Concluído
1549,2025-05-14 11:32:05,May,11,Incêndio Florestal,Zona Sul,Baixa,27,44,Concluído
1550,2025-03-15 11:32:05,Mar,11,Acidente Veicular,Zona Oeste,Alta,11,77,Concluído
1551,2025-10-27 11:32:05,Oct,11,Resgate em Altura,Centro,Baixa,22,37,Concluído
1552,2025-07-11 11:32:05,Jul,11,Salvamento Aquático,Centro,Média,30,50,Concluído
1553,2025-07-09 11:32:05,Jul,11,Salvamento Aquático,Zona Oeste,Baixa,20,53,Concluído
1554,2025-10-09 11:32:05,Oct,11,Acidente Veicular,Centro,Alta,10,14,Concluído
1555,2025-01-01 11:32:05,Jan,11,Incêndio Florestal,Zona Norte,Baixa,20,38,Concluído
1556,2025-12-09 11:32:05,Dec,11,Salvamento Aquático,Zona Sul,Baixa,38,21,Concluído
1557,2025-02-09 11:32:05,Feb,11,Acidente Veicular,Centro,Alta,10,13,Concluído
1558,2025-03-09 11:32:05,Mar,11,Salvamento Aquático,Região Metropolitana,Média,22,27,Concluído
1559,2025-07-15 11:32:05,Jul,11,APH - Mal Súbito,Zona Sul,Média,16,74,Concluído
1560,2025-05-12 11:32:05,May,11,Salvamento Aquático,Zona Norte,Baixa,30,17,Concluído
1561,2025-06-26 11:32:05,Jun,11,Salvamento Aquático,Zona Oeste,Média,36,1,Concluído
1562,2025-03-27 11:32:05,Mar,11,Incêndio em Edifício,Região Metropolitana,Alta,11,37,Concluído
1563,2025-12-09 11:32:05,Dec,11,Incêndio Florestal,Região Metropolitana,Média,18,1,Concluído
1564,2025-11-04 11:32:05,Nov,11,Incêndio em Edifício,Centro,Média,49,26,Concluído
1565,2025-07-01 11:32:05,Jul,11,Incêndio em Edifício,Centro,Alta,13,21,Cancelado
1566,2025-01-27 11:32:05,Jan,11,Acidente Veicular,Região Metropolitana,Média,32,25,Concluído
1567,2025-02-15 11:32:05,Feb,11,Vazamento de Gás,Zona Sul,Média,19,16,Concluído
1568,2025-02-08 11:32:05,Feb,11,Incêndio Florestal,Zona Oeste,Baixa,30,23,Em Andamento
1569,2025-02-18 11:32:05,Feb,11,Vazamento de Gás,Zona Norte,Baixa,36,37,Concluído
1570,2025-09-28 11:32:05,Sep,11,APH - Mal Súbito,Zona Sul,Baixa,19,74,Concluído
1571,2025-04-28 11:32:05,Apr,11,Vazamento de Gás,Zona Norte,Alta,9,46,Em Andamento
1572,2025-02-18 11:32:05,Feb,11,Incêndio em Edifício,Zona Oeste,Alta,11,21,Concluído
1573,2025-07-15 11:32:05,Jul,11,Incêndio em Edifício,Região Metropolitana,Alta,8,27,Concluído
1574,2025-02-28 11:32:05,Feb,11,Incêndio Florestal,Zona Sul,Baixa,33,41,Concluído
1575,2025-07-08 11:32:05,Jul,11,Incêndio Florestal,Centro,Baixa,10,46,Concluído
1576,2025-11-24 11:32:05,Nov,11,Acidente Veicular,Zona Sul,Baixa,25,43,Concluído
1577,2025-09-11 11:32:05,Sep,11,Resgate em Altura,Zona Sul,Média,34,28,Concluído
1578,2025-08-03 11:32:05,Aug,11,Acidente Veicular,Zona Sul,Alta,9,25,Concluído
1579,2025-10-22 11:32:05,Oct,11,APH - Mal Súbito,Zona Oeste,Alta,10,54,Concluído
1580,2025-09-05 11:32:05,Sep,11,Incêndio Florestal,Região Metropolitana,Baixa,26,41,Concluído
1581,2025-02-14 11:32:05,Feb,11,Vazamento de Gás,Centro,Baixa,28,8,Concluído
1582,2025-04-01 11:32:05,Apr,11,APH - Mal Súbito,Zona Norte,Baixa,22,84,Concluído
1583,2025-03-06 11:32:05,Mar,11,Acidente Veicular,Zona Norte,Média,39,62,Concluído
1584,2025-03-06 11:32:05,Mar,11,Incêndio em Edifício,Zona Sul,Alta,8,36,Concluído
1585,2025-10-23 11:32:05,Oct,11,APH - Mal Súbito,Centro,Baixa,30,69,Concluído
1586,2025-07-21 11:32:05,Jul,11,Acidente Veicular,Zona Oeste,Alta,11,19,Cancelado
1587,2025-06-21 11:32:05,Jun,11,Incêndio Florestal,Região Metropolitana,Baixa,26,21,Concluído
1588,2025-01-03 11:32:05,Jan,11,Resgate em Altura,Zona Oeste,Média,28,42,Concluído
1589,2025-04-21 11:32:05,Apr,11,Resgate em Altura,Zona Sul,Baixa,17,38,Concluído
1590,2025-08-03 11:32:05,Aug,11,Salvamento Aquático,Região Metropolitana,Baixa,9,12,Concluído
1591,2025-02-01 11:32:05,Feb,11,Salvamento Aquático,Zona Oeste,Baixa,25,53,Concluído
1592,2025-10-20 11:32:05,Oct,11,Acidente Veicular,Região Metropolitana,Média,32,27,Concluído
1593,2025-12-10 11:32:05,Dec,11,Acidente Veicular,Zona Norte,Alta,11,51,Concluído
1594,2025-11-30 11:32:05,Nov,11,Vazamento de Gás,Centro,Baixa,30,43,Em Andamento
1595,2025-09-02 11:32:05,Sep,11,Salvamento Aquático,Região Metropolitana,Média,1,18,Concluído
1596,2025-10-11 11:32:05,Oct,11,Acidente Veicular,Zona Oeste,Alta,13,43,Concluído
1597,2025-01-25 11:32:05,Jan,11,Resgate em Altura,Zona Oeste,Média,23,34,Concluído
1598,2024-12-14 11:32:05,Dec,11,Acidente Veicular,Zona Sul,Média,18,64,Concluído
1599,2025-08-07 11:32:05,Aug,11,Incêndio em Edifício,Centro,Média,5,27,Concluído
1600,2025-10-25 11:32:05,Oct,11,Acidente Veicular,Zona Oeste,Alta,7,28,Concluído
1601,2025-05-31 11:32:05,May,11,Resgate em Altura,Região Metropolitana,Média,45,30,Em Andamento
1602,2025-06-26 11:32:05,Jun,11,Vazamento de Gás,Zona Sul,Alta,8,29,Concluído
1603,2025-02-14 11:32:05,Feb,11,Acidente Veicular,Centro,Alta,7,66,Em Andamento
1604,2025-12-01 11:32:05,Dec,11,Incêndio em Edifício,Zona Oeste,Média,29,36,Em Andamento
1605,2024-12-22 11:32:05,Dec,11,Incêndio Florestal,Centro,Baixa,27,20,Concluído
1606,2025-09-05 11:32:05,Sep,11,Resgate em Altura,Centro,Média,47,25,Concluído
1607,2025-10-28 11:32:05,Oct,11,Acidente Veicular,Zona Norte,Alta,11,22,Em Andamento
1608,2025-05-30 11:32:05,May,11,Incêndio em Edifício,Zona Oeste,Média,28,61,Concluído
1609,2024-12-19 11:32:05,Dec,11,APH - Mal Súbito,Região Metropolitana,Média,26,88,Concluído
1610,2025-03-26 11:32:05,Mar,11,APH - Mal Súbito,Zona Oeste,Baixa,16,69,Concluído
1611,2025-02-01 11:32:05,Feb,11,Vazamento de Gás,Zona Sul,Média,26,42,Concluído
1612,2025-10-05 11:32:05,Oct,11,Resgate em Altura,Centro,Baixa,18,21,Em Andamento
1613,2025-06-09 11:32:05,Jun,11,Resgate em Altura,Zona Sul,Baixa,16,43,Concluído
1614,2025-02-27 11:32:05,Feb,11,Resgate em Altura,Zona Oeste,Média,22,33,Em Andamento
1615,2025-07-23 11:32:05,Jul,11,Incêndio em Edifício,Zona Sul,Alta,10,34,Concluído
1616,2025-11-27 11:32:05,Nov,11,APH - Mal Súbito,Zona Norte,Baixa,33,59,Cancelado
1617,2025-08-23 11:32:05,Aug,11,APH - Mal Súbito,Zona Norte,Média,45,55,Concluído
1618,2025-06-13 11:32:05,Jun,11,Incêndio em Edifício,Zona Sul,Alta,9,34,Concluído
1619,2025-04-12 11:32:05,Apr,11,Incêndio em Edifício,Zona Norte,Média,40,43,Concluído
1620,2025-11-01 11:32:05,Nov,11,Resgate em Altura,Zona Oeste,Baixa,23,34,Concluído
1621,2025-03-29 11:32:05,Mar,11,Incêndio Florestal,Zona Norte,Média,30,35,Concluído
1622,2025-06-11 11:32:05,Jun,11,Incêndio Florestal,Zona Norte,Alta,6,50,Concluído
1623,2025-03-29 11:32:05,Mar,11,Salvamento Aquático,Zona Sul,Média,26,33,Concluído
1624,2025-04-07 11:32:05,Apr,11,Incêndio Florestal,Zona Oeste,Média,21,45,Concluído
1625,2025-03-18 11:32:05,Mar,11,Resgate em Altura,Zona Oeste,Média,42,29,Cancelado
1626,2025-08-21 11:32:05,Aug,11,APH - Mal Súbito,Zona Sul,Baixa,7,51,Concluído
1627,2025-06-19 11:32:05,Jun,11,Acidente Veicular,Região Metropolitana,Alta,10,44,Concluído
1628,2025-01-04 11:32:05,Jan,11,Incêndio Florestal,Zona Norte,Baixa,14,14,Concluído
1629,2025-05-26 11:32:05,May,11,Incêndio em Edifício,Região Metropolitana,Alta,12,47,Concluído
1630,2025-12-01 11:32:05,Dec,11,Acidente Veicular,Zona Norte,Baixa,14,11,Concluído
1631,2024-12-29 11:32:05,Dec,11,Salvamento Aquático,Região Metropolitana,Alta,12,50,Concluído
1632,2025-10-15 11:32:05,Oct,11,Incêndio em Edifício,Zona Sul,Alta,11,63,Concluído
1633,2025-11-17 11:32:05,Nov,11,Acidente Veicular,Zona Oeste,Alta,10,24,Concluído
1634,2025-06-04 11:32:05,Jun,11,Incêndio Florestal,Centro,Baixa,25,18,Concluído
1635,2025-07-31 11:32:05,Jul,11,Incêndio Florestal,Centro,Média,19,18,Concluído
1636,2025-08-20 11:32:05,Aug,11,Acidente Veicular,Zona Norte,Média,20,55,Concluído
1637,2025-07-20 11:32:05,Jul,11,Salvamento Aquático,Zona Norte,Baixa,45,32,Concluído
1638,2025-10-10 11:32:05,Oct,11,Vazamento de Gás,Zona Oeste,Alta,11,25,Concluído
1639,2025-11-18 11:32:05,Nov,11,Salvamento Aquático,Zona Norte,Média,21,33,Concluído
1640,2025-04-02 11:32:05,Apr,11,Vazamento de Gás,Zona Norte,Média,39,54,Concluído
1641,2025-10-06 11:32:05,Oct,11,Salvamento Aquático,Zona Norte,Baixa,23,53,Concluído
1642,2025-05-04 11:32:05,May,11,APH - Mal Súbito,Região Metropolitana,Média,27,41,Concluído
1643,2025-01-04 11:32:05,Jan,11,Resgate em Altura,Zona Oeste,Baixa,23,54,Em Andamento
1644,2025-09-22 11:32:05,Sep,11,Incêndio em Edifício,Centro,Alta,12,22,Concluído
1645,2025-02-11 11:32:05,Feb,11,Resgate em Altura,Região Metropolitana,Baixa,16,46,Concluído
1646,2025-01-12 11:32:05,Jan,11,Salvamento Aquático,Centro,Baixa,20,26,Em Andamento
1647,2025-01-24 11:32:05,Jan,11,Acidente Veicular,Zona Oeste,Alta,7,30,Concluído
1648,2025-03-13 11:32:05,Mar,11,Resgate em Altura,Zona Oeste,Baixa,24,12,Concluído
1649,2025-09-23 11:32:05,Sep,11,Salvamento Aquático,Zona Oeste,Baixa,22,23,Concluído
1650,2025-05-15 11:32:05,May,11,Resgate em Altura,Zona Norte,Média,7,36,Concluído
1651,2025-05-20 11:32:05,May,11,APH - Mal Súbito,Região Metropolitana,Média,25,48,Concluído
1652,2025-04-16 11:32:05,Apr,11,Salvamento Aquático,Zona Oeste,Alta,11,25,Concluído
1653,2025-05-18 11:32:05,May,11,Incêndio em Edifício,Região Metropolitana,Alta,8,9,Concluído
1654,2025-09-26 11:32:05,Sep,11,APH - Mal Súbito,Centro,Baixa,18,74,Concluído
1655,2025-06-20 11:32:05,Jun,11,APH - Mal Súbito,Centro,Baixa,22,68,Concluído
1656,2025-05-04 11:32:05,May,11,Incêndio Florestal,Região Metropolitana,Média,28,49,Cancelado
1657,2025-05-18 11:32:05,May,11,Incêndio em Edifício,Centro,Alta,12,33,Concluído
1658,2025-09-18 11:32:05,Sep,11,Salvamento Aquático,Centro,Baixa,13,23,Concluído
1659,2025-08-26 11:32:05,Aug,11,Resgate em Altura,Região Metropolitana,Média,24,38,Concluído
1660,2025-02-23 11:32:05,Feb,11,APH - Mal Súbito,Zona Norte,Baixa,4,65,Concluído
1661,2025-06-16 11:32:05,Jun,11,Acidente Veicular,Zona Norte,Alta,8,27,Concluído
1662,2025-09-14 11:32:05,Sep,11,APH - Mal Súbito,Centro,Média,34,65,Concluído
1663,2025-12-11 11:32:05,Dec,11,Incêndio Florestal,Zona Norte,Baixa,47,55,Concluído
1664,2025-04-02 11:32:05,Apr,11,Resgate em Altura,Zona Oeste,Baixa,20,55,Concluído
1665,2025-05-17 11:32:05,May,11,Incêndio em Edifício,Região Metropolitana,Alta,10,46,Concluído
1666,2025-06-30 11:32:05,Jun,11,Incêndio em Edifício,Zona Oeste,Alta,6,36,Concluído
1667,2025-11-08 11:32:05,Nov,11,Acidente Veicular,Zona Oeste,Alta,12,32,Concluído
1668,2025-09-21 11:32:05,Sep,11,Vazamento de Gás,Região Metropolitana,Média,39,32,Concluído
1669,2025-02-19 11:32:05,Feb,11,Salvamento Aquático,Centro,Alta,11,11,Concluído
1670,2025-01-13 11:32:05,Jan,11,Incêndio em Edifício,Zona Oeste,Alta,11,28,Concluído
1671,2025-01-15 11:32:05,Jan,11,Incêndio em Edifício,Zona Sul,Alta,12,32,Concluído
1672,2025-03-07 11:32:05,Mar,11,Salvamento Aquático,Zona Oeste,Baixa,34,44,Concluído
1673,2025-08-05 11:32:05,Aug,11,Resgate em Altura,Zona Norte,Média,23,38,Concluído
1674,2025-02-24 11:32:05,Feb,11,Acidente Veicular,Centro,Alta,11,18,Concluído
1675,2025-04-07 11:32:05,Apr,11,Incêndio em Edifício,Zona Norte,Média,37,69,Concluído
1676,2025-04-15 11:32:05,Apr,11,Incêndio em Edifício,Zona Sul,Alta,9,45,Concluído
1677,2025-05-10 11:32:05,May,11,Vazamento de Gás,Zona Oeste,Média,35,33,Concluído
1678,2025-04-03 11:32:05,Apr,11,Acidente Veicular,Centro,Alta,7,56,Concluído
1679,2025-07-05 11:32:05,Jul,11,Incêndio em Edifício,Região Metropolitana,Alta,9,12,Em Andamento
1680,2025-01-27 11:32:05,Jan,11,APH - Mal Súbito,Zona Sul,Média,34,83,Concluído
1681,2025-06-21 11:32:05,Jun,11,Incêndio em Edifício,Zona Oeste,Média,29,30,Concluído
1682,2025-01-04 11:32:05,Jan,11,Incêndio Florestal,Zona Sul,Alta,9,23,Concluído
1683,2025-11-01 11:32:05,Nov,11,Acidente Veicular,Zona Sul,Média,41,25,Concluído
1684,2025-02-06 11:32:05,Feb,11,Salvamento Aquático,Centro,Média,16,36,Concluído
1685,2025-07-12 11:32:05,Jul,11,Salvamento Aquático,Centro,Baixa,23,53,Concluído
1686,2025-10-05 11:32:05,Oct,11,Resgate em Altura,Região Metropolitana,Alta,10,18,Concluído
1687,2025-11-25 11:32:05,Nov,11,Vazamento de Gás,Zona Norte,Baixa,26,45,Concluído
1688,2025-07-15 11:32:05,Jul,11,APH - Mal Súbito,Zona Sul,Média,42,74,Concluído
1689,2025-03-11 11:32:05,Mar,11,Resgate em Altura,Centro,Baixa,20,44,Concluído
1690,2025-08-02 11:32:05,Aug,11,Salvamento Aquático,Zona Norte,Baixa,26,58,Concluído
1691,2025-12-04 11:32:05,Dec,11,APH - Mal Súbito,Zona Norte,Baixa,12,28,Concluído
1692,2025-06-12 11:32:05,Jun,11,Resgate em Altura,Centro,Média,29,35,Concluído
1693,2025-03-13 11:32:05,Mar,11,Incêndio Florestal,Zona Sul,Baixa,23,18,Concluído
1694,2025-02-11 11:32:05,Feb,11,Incêndio em Edifício,Centro,Alta,7,46,Cancelado
1695,2025-03-29 11:32:05,Mar,11,APH - Mal Súbito,Centro,Média,30,51,Concluído
1696,2025-10-03 11:32:05,Oct,11,Salvamento Aquático,Zona Sul,Baixa,33,56,Concluído
1697,2025-03-19 11:32:05,Mar,11,Incêndio em Edifício,Zona Oeste,Alta,7,44,Concluído
1698,2025-10-30 11:32:05,Oct,11,Acidente Veicular,Centro,Média,23,33,Concluído
1699,2025-07-13 11:32:05,Jul,11,Incêndio Florestal,Zona Sul,Média,48,48,Concluído
1700,2025-11-25 11:32:05,Nov,11,APH - Mal Súbito,Zona Sul,Média,35,54,Concluído
1701,2025-09-22 11:32:05,Sep,11,APH - Mal Súbito,Centro,Média,34,81,Cancelado
1702,2025-12-10 11:32:05,Dec,11,APH - Mal Súbito,Zona Oeste,Baixa,13,52,Concluído
1703,2025-10-03 11:32:05,Oct,11,Vazamento de Gás,Zona Oeste,Baixa,17,42,Concluído
1704,2025-11-13 11:32:05,Nov,11,APH - Mal Súbito,Zona Sul,Baixa,3,49,Concluído
1705,2025-08-30 11:32:05,Aug,11,Resgate em Altura,Centro,Baixa,17,37,Cancelado
1706,2025-04-11 11:32:05,Apr,11,Incêndio Florestal,Zona Norte,Baixa,12,17,Em Andamento
1707,2025-07-03 11:32:05,Jul,11,Salvamento Aquático,Centro,Baixa,25,28,Em Andamento
1708,2025-10-01 11:32:05,Oct,11,APH - Mal Súbito,Centro,Baixa,15,56,Concluído
1709,2025-03-02 11:32:05,Mar,11,Incêndio Florestal,Zona Sul,Média,19,22,Concluído
1710,2025-04-15 11:32:05,Apr,11,Incêndio em Edifício,Zona Norte,Alta,9,62,Concluído
1711,2025-07-14 11:32:05,Jul,11,Incêndio Florestal,Zona Sul,Baixa,34,58,Concluído
1712,2025-02-05 11:32:05,Feb,11,Resgate em Altura,Zona Oeste,Baixa,19,32,Concluído
1713,2025-05-07 11:32:05,May,11,Incêndio Florestal,Zona Oeste,Baixa,26,49,Concluído
1714,2025-09-06 11:32:05,Sep,11,Resgate em Altura,Região Metropolitana,Baixa,42,28,Concluído
1715,2025-06-13 11:32:05,Jun,11,Incêndio Florestal,Região Metropolitana,Baixa,28,27,Cancelado
1716,2025-03-02 11:32:05,Mar,11,Salvamento Aquático,Zona Sul,Média,1,36,Concluído
1717,2025-11-09 11:32:05,Nov,11,APH - Mal Súbito,Zona Oeste,Baixa,32,36,Concluído
1718,2025-02-28 11:32:05,Feb,11,Incêndio em Edifício,Região Metropolitana,Alta,10,25,Concluído
1719,2025-01-04 11:32:05,Jan,11,Incêndio em Edifício,Zona Oeste,Alta,11,47,Em Andamento
1720,2025-06-05 11:32:05,Jun,11,Resgate em Altura,Zona Norte,Baixa,30,35,Concluído
1721,2025-09-09 11:32:05,Sep,11,Acidente Veicular,Região Metropolitana,Alta,11,25,Concluído
1722,2025-04-26 11:32:05,Apr,11,Acidente Veicular,Região Metropolitana,Média,33,67,Concluído
1723,2025-08-09 11:32:05,Aug,11,Incêndio Florestal,Centro,Média,17,36,Concluído
1724,2025-03-08 11:32:05,Mar,11,Vazamento de Gás,Zona Sul,Média,22,52,Concluído
1725,2025-11-10 11:32:05,Nov,11,Incêndio Florestal,Zona Sul,Baixa,25,52,Concluído
1726,2025-01-01 11:32:05,Jan,11,APH - Mal Súbito,Centro,Alta,11,67,Concluído
1727,2025-06-13 11:32:05,Jun,11,Acidente Veicular,Zona Oeste,Média,29,19,Cancelado
1728,2025-09-29 11:32:05,Sep,11,Incêndio Florestal,Zona Oeste,Média,12,32,Concluído
1729,2025-01-17 11:32:05,Jan,11,Resgate em Altura,Centro,Média,13,29,Concluído
1730,2025-04-22 11:32:05,Apr,11,Incêndio Florestal,Zona Norte,Alta,9,45,Concluído
1731,2025-11-20 11:32:05,Nov,11,Vazamento de Gás,Centro,Baixa,15,24,Concluído
1732,2025-04-13 11:32:05,Apr,11,Incêndio Florestal,Centro,Média,25,43,Concluído
1733,2025-10-21 11:32:05,Oct,11,Resgate em Altura,Zona Norte,Baixa,36,14,Concluído
1734,2025-10-28 11:32:05,Oct,11,Incêndio Florestal,Zona Sul,Baixa,24,38,Concluído
1735,2025-08-01 11:32:05,Aug,11,APH - Mal Súbito,Região Metropolitana,Média,29,47,Concluído
1736,2025-02-20 11:32:05,Feb,11,Resgate em Altura,Centro,Média,42,42,Concluído
1737,2025-01-07 11:32:05,Jan,11,Incêndio em Edifício,Centro,Alta,11,15,Concluído
1738,2025-06-11 11:32:05,Jun,11,Incêndio em Edifício,Região Metropolitana,Alta,9,36,Concluído
1739,2025-05-05 11:32:05,May,11,Vazamento de Gás,Centro,Baixa,47,20,Concluído
1740,2025-10-03 11:32:05,Oct,11,Vazamento de Gás,Zona Oeste,Baixa,22,49,Concluído
1741,2025-06-05 11:32:05,Jun,11,Incêndio Florestal,Zona Norte,Baixa,32,30,Concluído
1742,2025-07-10 11:32:05,Jul,11,Incêndio Florestal,Centro,Média,45,31,Concluído
1743,2025-07-29 11:32:05,Jul,11,Acidente Veicular,Região Metropolitana,Alta,10,32,Concluído
1744,2025-12-07 11:32:05,Dec,11,Resgate em Altura,Zona Oeste,Média,28,44,Concluído
1745,2025-08-23 11:32:05,Aug,11,APH - Mal Súbito,Zona Oeste,Média,28,70,Concluído
1746,2025-08-16 11:32:05,Aug,11,Salvamento Aquático,Região Metropolitana,Média,42,35,Concluído
1747,2025-01-27 11:32:05,Jan,11,Vazamento de Gás,Zona Norte,Baixa,23,40,Concluído
1748,2025-07-19 11:32:05,Jul,11,Incêndio em Edifício,Zona Oeste,Média,27,38,Concluído
1749,2025-10-07 11:32:05,Oct,11,Resgate em Altura,Zona Norte,Baixa,24,51,Cancelado
1750,2025-02-17 11:32:05,Feb,11,APH - Mal Súbito,Zona Norte,Média,30,55,Concluído
1751,2025-02-12 11:32:05,Feb,11,Salvamento Aquático,Zona Oeste,Média,11,17,Concluído
1752,2025-01-28 11:32:05,Jan,11,Vazamento de Gás,Região Metropolitana,Alta,13,53,Concluído
1753,2025-11-09 11:32:05,Nov,11,APH - Mal Súbito,Região Metropolitana,Baixa,18,80,Concluído
1754,2025-08-15 11:32:05,Aug,11,APH - Mal Súbito,Zona Sul,Média,19,75,Concluído
1755,2025-06-17 11:32:05,Jun,11,Salvamento Aquático,Região Metropolitana,Média,28,70,Concluído
1756,2025-06-21 11:32:05,Jun,11,Vazamento de Gás,Zona Norte,Média,19,42,Concluído
1757,2024-12-23 11:32:05,Dec,11,Incêndio Florestal,Centro,Baixa,31,40,Concluído
1758,2025-06-20 11:32:05,Jun,11,Resgate em Altura,Zona Norte,Média,25,16,Concluído
1759,2025-01-15 11:32:05,Jan,11,Salvamento Aquático,Região Metropolitana,Baixa,21,38,Concluído
1760,2025-07-30 11:32:05,Jul,11,Incêndio em Edifício,Zona Norte,Baixa,35,5,Concluído
1761,2025-11-28 11:32:05,Nov,11,Incêndio Florestal,Zona Sul,Alta,14,35,Concluído
1762,2025-10-07 11:32:05,Oct,11,Acidente Veicular,Zona Norte,Alta,10,61,Concluído
1763,2025-08-03 11:32:05,Aug,11,Vazamento de Gás,Zona Oeste,Média,34,63,Concluído
1764,2025-07-05 11:32:05,Jul,11,Resgate em Altura,Zona Norte,Alta,9,45,Concluído
1765,2025-01-13 11:32:05,Jan,11,Salvamento Aquático,Zona Sul,Média,30,47,Concluído
1766,2025-02-09 11:32:05,Feb,11,Incêndio em Edifício,Zona Oeste,Média,3,14,Em Andamento
1767,2025-10-25 11:32:05,Oct,11,Incêndio Florestal,Zona Norte,Média,35,66,Concluído
1768,2025-10-11 11:32:05,Oct,11,APH - Mal Súbito,Região Metropolitana,Alta,13,68,Concluído
1769,2025-04-28 11:32:05,Apr,11,Incêndio em Edifício,Zona Norte,Alta,11,49,Concluído
1770,2025-06-02 11:32:05,Jun,11,APH - Mal Súbito,Região Metropolitana,Baixa,34,58,Concluído
1771,2025-05-18 11:32:05,May,11,Resgate em Altura,Zona Oeste,Média,37,55,Em Andamento
1772,2025-02-11 11:32:05,Feb,11,Incêndio Florestal,Zona Oeste,Alta,13,42,Concluído
1773,2025-06-01 11:32:05,Jun,11,Incêndio em Edifício,Zona Sul,Alta,11,55,Concluído
1774,2025-06-24 11:32:05,Jun,11,Incêndio em Edifício,Zona Norte,Baixa,30,22,Concluído
1775,2025-02-18 11:32:05,Feb,11,Incêndio Florestal,Zona Sul,Alta,11,43,Concluído
1776,2025-08-05 11:32:05,Aug,11,Incêndio Florestal,Zona Sul,Média,25,33,Concluído
1777,2025-07-13 11:32:05,Jul,11,Resgate em Altura,Zona Norte,Média,20,31,Concluído
1778,2025-05-06 11:32:05,May,11,Incêndio Florestal,Região Metropolitana,Baixa,29,21,Concluído
1779,2025-07-20 11:32:05,Jul,11,Salvamento Aquático,Região Metropolitana,Baixa,13,35,Concluído
1780,2025-09-06 11:32:05,Sep,11,Incêndio Florestal,Centro,Baixa,15,48,Concluído
1781,2025-09-10 11:32:05,Sep,11,Acidente Veicular,Zona Norte,Média,37,12,Concluído
1782,2025-06-27 11:32:05,Jun,11,Incêndio Florestal,Região Metropolitana,Média,30,55,Concluído
1783,2025-01-17 11:32:05,Jan,11,Resgate em Altura,Zona Sul,Média,20,50,Concluído
1784,2025-03-26 11:32:05,Mar,11,APH - Mal Súbito,Zona Norte,Média,17,65,Concluído
1785,2025-05-09 11:32:05,May,11,Acidente Veicular,Região Metropolitana,Média,25,29,Concluído
1786,2025-02-21 11:32:05,Feb,11,Salvamento Aquático,Zona Norte,Baixa,12,23,Concluído
1787,2025-07-02 11:32:05,Jul,11,Resgate em Altura,Centro,Baixa,12,53,Concluído
1788,2025-03-07 11:32:05,Mar,11,Vazamento de Gás,Região Metropolitana,Média,21,45,Concluído
1789,2025-09-27 11:32:05,Sep,11,Incêndio em Edifício,Região Metropolitana,Média,31,33,Concluído
1790,2025-06-22 11:32:05,Jun,11,Incêndio Florestal,Zona Sul,Baixa,19,39,Concluído
1791,2025-08-02 11:32:05,Aug,11,Salvamento Aquático,Centro,Baixa,36,34,Concluído
1792,2024-12-19 11:32:05,Dec,11,Salvamento Aquático,Região Metropolitana,Baixa,19,36,Cancelado
1793,2025-10-24 11:32:05,Oct,11,Vazamento de Gás,Região Metropolitana,Baixa,26,47,Concluído
1794,2025-08-07 11:32:05,Aug,11,Incêndio Florestal,Zona Sul,Baixa,15,31,Em Andamento
1795,2025-01-14 11:32:05,Jan,11,Incêndio Florestal,Região Metropolitana,Baixa,22,46,Cancelado
1796,2025-03-21 11:32:05,Mar,11,Incêndio em Edifício,Zona Sul,Alta,11,57,Concluído
1797,2025-08-01 11:32:05,Aug,11,APH - Mal Súbito,Zona Sul,Baixa,13,58,Concluído
1798,2025-09-10 11:32:05,Sep,11,Incêndio Florestal,Zona Oeste,Média,24,37,Concluído
1799,2025-08-06 11:32:05,Aug,11,Salvamento Aquático,Centro,Média,31,59,Concluído
1800,2025-07-05 11:32:05,Jul,11,Resgate em Altura,Centro,Média,25,47,Concluído
1801,2025-06-29 11:32:05,Jun,11,Acidente Veicular,Centro,Média,23,45,Concluído
1802,2025-12-11 11:32:05,Dec,11,Acidente Veicular,Centro,Baixa,12,27,Concluído
1803,2025-09-22 11:32:05,Sep,11,Acidente Veicular,Zona Sul,Alta,10,32,Concluído
1804,2025-05-14 11:32:05,May,11,Resgate em Altura,Zona Sul,Média,15,35,Concluído
1805,2025-01-17 11:32:05,Jan,11,Acidente Veicular,Centro,Média,27,8,Concluído
1806,2025-05-22 11:32:05,May,11,Incêndio Florestal,Zona Oeste,Média,46,34,Concluído
1807,2025-04-15 11:32:05,Apr,11,Resgate em Altura,Zona Sul,Média,31,38,Concluído
1808,2025-09-01 11:32:05,Sep,11,Incêndio Florestal,Zona Oeste,Baixa,25,32,Concluído
1809,2025-06-13 11:32:05,Jun,11,Resgate em Altura,Zona Sul,Média,24,33,Concluído
1810,2025-06-08 11:32:05,Jun,11,APH - Mal Súbito,Zona Sul,Baixa,18,80,Concluído
1811,2025-09-02 11:32:05,Sep,11,Resgate em Altura,Zona Norte,Média,24,28,Concluído
1812,2025-02-09 11:32:05,Feb,11,APH - Mal Súbito,Região Metropolitana,Baixa,17,75,Concluído
1813,2025-04-28 11:32:05,Apr,11,Salvamento Aquático,Zona Sul,Média,26,61,Concluído
1814,2025-02-17 11:32:05,Feb,11,Vazamento de Gás,Região Metropolitana,Média,39,32,Concluído
1815,2025-11-14 11:32:05,Nov,11,Incêndio Florestal,Centro,Média,27,19,Concluído
1816,2025-10-11 11:32:05,Oct,11,Incêndio Florestal,Centro,Baixa,38,47,Concluído
1817,2025-01-10 11:32:05,Jan,11,Vazamento de Gás,Zona Oeste,Baixa,28,44,Concluído
1818,2025-05-30 11:32:05,May,11,APH - Mal Súbito,Zona Oeste,Baixa,33,66,Concluído
1819,2025-05-01 11:32:05,May,11,Vazamento de Gás,Zona Norte,Baixa,19,37,Cancelado
1820,2025-02-02 11:32:05,Feb,11,Resgate em Altura,Região Metropolitana,Média,26,45,Concluído
1821,2025-08-28 11:32:05,Aug,11,Acidente Veicular,Zona Oeste,Alta,8,46,Concluído
1822,2025-05-12 11:32:05,May,11,Salvamento Aquático,Região Metropolitana,Baixa,22,36,Concluído
1823,2025-10-02 11:32:05,Oct,11,Resgate em Altura,Zona Sul,Baixa,16,5,Em Andamento
1824,2025-11-01 11:32:05,Nov,11,Incêndio em Edifício,Zona Oeste,Alta,8,34,Concluído
1825,2025-07-30 11:32:05,Jul,11,Resgate em Altura,Zona Sul,Média,18,33,Concluído
1826,2025-01-06 11:32:05,Jan,11,Salvamento Aquático,Zona Norte,Média,22,22,Concluído
1827,2024-12-21 11:32:05,Dec,11,Incêndio em Edifício,Centro,Alta,13,45,Concluído
1828,2025-04-27 11:32:05,Apr,11,Acidente Veicular,Centro,Alta,10,36,Concluído
1829,2025-08-09 11:32:05,Aug,11,Incêndio Florestal,Centro,Média,30,37,Concluído
1830,2025-10-13 11:32:05,Oct,11,Resgate em Altura,Zona Oeste,Baixa,39,42,Concluído
1831,2025-07-19 11:32:05,Jul,11,Incêndio em Edifício,Região Metropolitana,Média,23,1,Concluído
1832,2025-11-10 11:32:05,Nov,11,Incêndio Florestal,Zona Oeste,Baixa,18,59,Concluído
1833,2025-09-15 11:32:05,Sep,11,Incêndio Florestal,Região Metropolitana,Baixa,36,40,Cancelado
1834,2025-05-18 11:32:05,May,11,Vazamento de Gás,Região Metropolitana,Média,41,48,Concluído
1835,2024-12-16 11:32:05,Dec,11,Resgate em Altura,Centro,Média,30,55,Concluído
1836,2025-08-16 11:32:05,Aug,11,Vazamento de Gás,Centro,Baixa,19,68,Em Andamento
1837,2025-07-09 11:32:05,Jul,11,Acidente Veicular,Zona Sul,Média,38,20,Concluído
1838,2025-02-04 11:32:05,Feb,11,Vazamento de Gás,Zona Norte,Média,13,40,Concluído
1839,2025-02-08 11:32:05,Feb,11,Resgate em Altura,Zona Norte,Média,35,33,Concluído
1840,2025-03-01 11:32:05,Mar,11,Vazamento de Gás,Zona Oeste,Média,22,31,Concluído
1841,2025-02-20 11:32:05,Feb,11,Salvamento Aquático,Centro,Baixa,22,63,Concluído
1842,2025-05-01 11:32:05,May,11,APH - Mal Súbito,Zona Oeste,Baixa,29,78,Concluído
1843,2025-06-23 11:32:05,Jun,11,Acidente Veicular,Região Metropolitana,Alta,8,18,Concluído
1844,2025-03-26 11:32:05,Mar,11,Vazamento de Gás,Zona Oeste,Baixa,33,42,Concluído
1845,2025-05-05 11:32:05,May,11,Acidente Veicular,Zona Oeste,Média,22,48,Concluído
1846,2025-09-04 11:32:05,Sep,11,Incêndio em Edifício,Zona Sul,Alta,10,41,Concluído
1847,2025-03-02 11:32:05,Mar,11,Incêndio Florestal,Zona Norte,Baixa,12,59,Concluído
1848,2025-04-20 11:32:05,Apr,11,APH - Mal Súbito,Centro,Baixa,35,70,Concluído
1849,2025-07-28 11:32:05,Jul,11,Resgate em Altura,Região Metropolitana,Baixa,28,20,Cancelado
1850,2025-03-11 11:32:05,Mar,11,Incêndio em Edifício,Zona Norte,Alta,11,41,Concluído
1851,2025-02-21 11:32:05,Feb,11,Vazamento de Gás,Zona Norte,Baixa,18,35,Concluído
1852,2025-06-11 11:32:05,Jun,11,Salvamento Aquático,Zona Norte,Baixa,37,17,Concluído
1853,2025-01-31 11:32:05,Jan,11,Acidente Veicular,Zona Norte,Alta,10,34,Concluído
1854,2025-02-05 11:32:05,Feb,11,Incêndio em Edifício,Zona Oeste,Alta,8,59,Concluído
1855,2025-10-20 11:32:05,Oct,11,Resgate em Altura,Região Metropolitana,Média,15,40,Em Andamento
1856,2025-11-18 11:32:05,Nov,11,Vazamento de Gás,Zona Norte,Baixa,36,46,Em Andamento
1857,2025-10-18 11:32:05,Oct,11,Resgate em Altura,Região Metropolitana,Média,24,33,Concluído
1858,2025-02-11 11:32:05,Feb,11,Incêndio em Edifício,Região Metropolitana,Média,21,25,Concluído
1859,2025-04-13 11:32:05,Apr,11,Vazamento de Gás,Zona Norte,Baixa,12,16,Concluído
1860,2025-11-23 11:32:05,Nov,11,APH - Mal Súbito,Zona Norte,Média,11,57,Concluído
1861,2025-05-23 11:32:05,May,11,Incêndio em Edifício,Zona Norte,Média,25,10,Concluído
1862,2025-12-02 11:32:05,Dec,11,Acidente Veicular,Zona Norte,Alta,7,46,Concluído
1863,2025-03-02 11:32:05,Mar,11,Vazamento de Gás,Zona Oeste,Média,32,27,Concluído
1864,2025-06-14 11:32:05,Jun,11,Acidente Veicular,Região Metropolitana,Alta,8,12,Concluído
1865,2025-07-05 11:32:05,Jul,11,APH - Mal Súbito,Zona Oeste,Média,8,83,Concluído
1866,2025-06-06 11:32:05,Jun,11,APH - Mal Súbito,Zona Norte,Baixa,26,73,Concluído
1867,2025-04-26 11:32:05,Apr,11,Salvamento Aquático,Centro,Média,40,13,Concluído
1868,2025-04-20 11:32:05,Apr,11,Vazamento de Gás,Zona Norte,Média,35,27,Concluído
1869,2025-08-27 11:32:05,Aug,11,Resgate em Altura,Centro,Baixa,24,47,Concluído
1870,2025-06-10 11:32:05,Jun,11,APH - Mal Súbito,Zona Oeste,Média,28,56,Concluído
1871,2025-05-25 11:32:05,May,11,Resgate em Altura,Zona Norte,Alta,9,39,Concluído
1872,2025-08-17 11:32:05,Aug,11,Resgate em Altura,Região Metropolitana,Média,6,49,Concluído
1873,2025-03-29 11:32:05,Mar,11,Acidente Veicular,Região Metropolitana,Alta,9,36,Concluído
1874,2025-09-28 11:32:05,Sep,11,Vazamento de Gás,Região Metropolitana,Média,34,21,Concluído
1875,2025-09-23 11:32:05,Sep,11,Incêndio em Edifício,Zona Norte,Média,15,38,Concluído
1876,2025-06-15 11:32:05,Jun,11,Resgate em Altura,Zona Norte,Média,14,21,Concluído
1877,2025-01-18 11:32:05,Jan,11,Incêndio em Edifício,Centro,Alta,8,41,Concluído
1878,2024-12-31 11:32:05,Dec,11,Acidente Veicular,Zona Sul,Alta,8,36,Concluído
1879,2025-10-05 11:32:05,Oct,11,Incêndio em Edifício,Zona Sul,Alta,3,18,Concluído
1880,2025-06-02 11:32:05,Jun,11,Resgate em Altura,Centro,Alta,8,10,Concluído
1881,2025-02-17 11:32:05,Feb,11,Resgate em Altura,Centro,Baixa,19,52,Concluído
1882,2025-05-01 11:32:05,May,11,Incêndio em Edifício,Zona Norte,Alta,8,58,Concluído
1883,2025-08-15 11:32:05,Aug,11,APH - Mal Súbito,Zona Oeste,Média,29,55,Cancelado
1884,2025-08-14 11:32:05,Aug,11,Incêndio em Edifício,Centro,Baixa,29,7,Concluído
1885,2025-01-20 11:32:05,Jan,11,Incêndio em Edifício,Zona Norte,Média,18,50,Concluído
1886,2025-08-11 11:32:05,Aug,11,Resgate em Altura,Região Metropolitana,Média,30,49,Concluído
1887,2025-08-23 11:32:05,Aug,11,Incêndio em Edifício,Zona Norte,Média,15,25,Concluído
1888,2025-07-22 11:32:05,Jul,11,Vazamento de Gás,Zona Norte,Baixa,18,51,Concluído
1889,2025-08-13 11:32:05,Aug,11,Resgate em Altura,Zona Oeste,Média,25,36,Concluído
1890,2025-06-27 11:32:05,Jun,11,Salvamento Aquático,Zona Norte,Alta,10,20,Concluído
1891,2025-04-28 11:32:05,Apr,11,Salvamento Aquático,Região Metropolitana,Baixa,5,27,Concluído
1892,2025-08-27 11:32:05,Aug,11,Incêndio Florestal,Zona Sul,Média,33,50,Concluído
1893,2025-03-23 11:32:05,Mar,11,APH - Mal Súbito,Região Metropolitana,Baixa,17,59,Cancelado
1894,2025-10-07 11:32:05,Oct,11,Incêndio em Edifício,Centro,Alta,13,26,Concluído
1895,2025-02-07 11:32:05,Feb,11,Resgate em Altura,Zona Oeste,Baixa,1,24,Concluído
1896,2025-01-02 11:32:05,Jan,11,Salvamento Aquático,Zona Norte,Baixa,23,56,Concluído
1897,2025-06-30 11:32:05,Jun,11,Salvamento Aquático,Zona Oeste,Baixa,42,10,Concluído
1898,2025-02-23 11:32:05,Feb,11,Incêndio Florestal,Centro,Baixa,10,23,Concluído
1899,2025-11-16 11:32:05,Nov,11,Acidente Veicular,Zona Norte,Alta,11,49,Concluído
1900,2025-08-30 11:32:05,Aug,11,Salvamento Aquático,Zona Oeste,Alta,8,29,Concluído
1901,2025-08-22 11:32:05,Aug,11,Vazamento de Gás,Região Metropolitana,Baixa,24,31,Concluído
1902,2025-03-26 11:32:05,Mar,11,APH - Mal Súbito,Zona Norte,Média,23,47,Concluído
1903,2025-11-24 11:32:05,Nov,11,Acidente Veicular,Zona Sul,Alta,11,38,Concluído
1904,2025-08-23 11:32:05,Aug,11,Resgate em Altura,Zona Sul,Baixa,24,52,Concluído
1905,2024-12-31 11:32:05,Dec,11,Vazamento de Gás,Região Metropolitana,Média,16,21,Em Andamento
1906,2025-09-20 11:32:05,Sep,11,Vazamento de Gás,Zona Sul,Média,13,1,Concluído
1907,2025-10-25 11:32:05,Oct,11,Vazamento de Gás,Zona Norte,Baixa,28,33,Concluído
1908,2025-07-24 11:32:05,Jul,11,Salvamento Aquático,Zona Sul,Média,26,33,Concluído
1909,2025-06-08 11:32:05,Jun,11,Acidente Veicular,Zona Sul,Alta,8,29,Concluído
1910,2025-09-21 11:32:05,Sep,11,APH - Mal Súbito,Zona Sul,Baixa,25,57,Concluído
1911,2025-04-06 11:32:05,Apr,11,Acidente Veicular,Zona Sul,Alta,7,25,Cancelado
1912,2025-01-16 11:32:05,Jan,11,Vazamento de Gás,Região Metropolitana,Baixa,37,36,Concluído
1913,2025-05-03 11:32:05,May,11,Resgate em Altura,Zona Oeste,Média,35,4,Concluído
1914,2025-06-29 11:32:05,Jun,11,Vazamento de Gás,Zona Oeste,Média,24,46,Concluído
1915,2025-05-16 11:32:05,May,11,Resgate em Altura,Zona Norte,Baixa,19,65,Concluído
1916,2025-10-21 11:32:05,Oct,11,APH - Mal Súbito,Zona Sul,Baixa,25,84,Concluído
1917,2025-07-11 11:32:05,Jul,11,Salvamento Aquático,Centro,Baixa,8,45,Concluído
1918,2025-05-12 11:32:05,May,11,Vazamento de Gás,Zona Oeste,Média,12,31,Concluído
1919,2025-02-13 11:32:05,Feb,11,Incêndio em Edifício,Zona Norte,Baixa,18,35,Concluído
1920,2024-12-15 11:32:05,Dec,11,Salvamento Aquático,Zona Norte,Baixa,16,40,Concluído
1921,2025-03-18 11:32:05,Mar,11,Salvamento Aquático,Zona Norte,Média,20,24,Concluído
1922,2025-10-22 11:32:05,Oct,11,Vazamento de Gás,Região Metropolitana,Baixa,38,61,Concluído
1923,2025-01-27 11:32:05,Jan,11,Vazamento de Gás,Região Metropolitana,Baixa,14,29,Concluído
1924,2025-10-25 11:32:05,Oct,11,Salvamento Aquático,Zona Sul,Baixa,12,36,Cancelado
1925,2025-05-06 11:32:05,May,11,Resgate em Altura,Zona Norte,Baixa,27,51,Concluído
1926,2025-08-24 11:32:05,Aug,11,Resgate em Altura,Centro,Alta,9,42,Concluído
1927,2025-03-12 11:32:05,Mar,11,Vazamento de Gás,Centro,Média,28,33,Em Andamento
1928,2025-06-14 11:32:05,Jun,11,APH - Mal Súbito,Zona Sul,Baixa,30,47,Concluído
1929,2025-06-26 11:32:05,Jun,11,Vazamento de Gás,Centro,Baixa,22,37,Em Andamento
1930,2025-11-17 11:32:05,Nov,11,APH - Mal Súbito,Zona Oeste,Baixa,26,63,Concluído
1931,2025-06-30 11:32:05,Jun,11,Vazamento de Gás,Zona Oeste,Baixa,33,47,Concluído
1932,2025-06-11 11:32:05,Jun,11,Incêndio em Edifício,Centro,Alta,8,54,Concluído
1933,2025-08-03 11:32:05,Aug,11,APH - Mal Súbito,Zona Norte,Baixa,56,64,Concluído
1934,2025-06-14 11:32:05,Jun,11,Incêndio em Edifício,Zona Norte,Baixa,8,34,Em Andamento
1935,2024-12-29 11:32:05,Dec,11,Acidente Veicular,Zona Oeste,Baixa,34,17,Concluído
1936,2025-07-22 11:32:05,Jul,11,Vazamento de Gás,Zona Oeste,Média,27,19,Concluído
1937,2025-10-22 11:32:05,Oct,11,Resgate em Altura,Zona Oeste,Baixa,20,33,Concluído
1938,2025-04-19 11:32:05,Apr,11,Incêndio Florestal,Centro,Baixa,24,22,Concluído
1939,2025-08-04 11:32:05,Aug,11,APH - Mal Súbito,Zona Oeste,Média,25,56,Concluído
1940,2025-02-17 11:32:05,Feb,11,Salvamento Aquático,Zona Sul,Média,26,21,Concluído
1941,2025-11-29 11:32:05,Nov,11,Resgate em Altura,Zona Oeste,Alta,13,3,Concluído
1942,2025-08-02 11:32:05,Aug,11,Vazamento de Gás,Região Metropolitana,Baixa,15,22,Concluído
1943,2025-09-14 11:32:05,Sep,11,Vazamento de Gás,Região Metropolitana,Baixa,18,42,Concluído
1944,2025-06-29 11:32:05,Jun,11,Resgate em Altura,Zona Sul,Alta,11,69,Concluído
1945,2025-06-22 11:32:05,Jun,11,Incêndio Florestal,Zona Norte,Baixa,21,56,Em Andamento
1946,2025-10-24 11:32:05,Oct,11,Resgate em Altura,Centro,Baixa,18,38,Concluído
1947,2025-06-29 11:32:05,Jun,11,Acidente Veicular,Zona Norte,Média,14,47,Concluído
1948,2025-08-07 11:32:05,Aug,11,Salvamento Aquático,Zona Sul,Média,20,57,Concluído
1949,2025-11-09 11:32:05,Nov,11,Incêndio em Edifício,Região Metropolitana,Média,33,47,Concluído
1950,2025-08-07 11:32:05,Aug,11,Incêndio Florestal,Região Metropolitana,Média,22,27,Em Andamento
1951,2025-02-06 11:32:05,Feb,11,APH - Mal Súbito,Região Metropolitana,Baixa,19,70,Concluído
1952,2025-06-28 11:32:05,Jun,11,Incêndio em Edifício,Zona Oeste,Alta,13,31,Concluído
1953,2025-06-12 11:32:05,Jun,11,Incêndio em Edifício,Centro,Baixa,39,62,Concluído
1954,2025-01-26 11:32:05,Jan,11,Incêndio Florestal,Zona Oeste,Baixa,22,45,Concluído
1955,2025-04-06 11:32:05,Apr,11,Vazamento de Gás,Zona Norte,Média,11,53,Concluído
1956,2025-09-18 11:32:05,Sep,11,Resgate em Altura,Região Metropolitana,Baixa,39,54,Concluído
1957,2025-12-04 11:32:05,Dec,11,Vazamento de Gás,Zona Oeste,Baixa,43,38,Concluído
1958,2025-06-19 11:32:05,Jun,11,Vazamento de Gás,Zona Norte,Baixa,28,52,Em Andamento
1959,2025-02-19 11:32:05,Feb,11,Incêndio Florestal,Zona Sul,Baixa,23,55,Concluído
1960,2025-04-08 11:32:05,Apr,11,Acidente Veicular,Região Metropolitana,Média,25,15,Concluído
1961,2025-07-16 11:32:05,Jul,11,Acidente Veicular,Zona Norte,Média,39,28,Concluído
1962,2025-05-01 11:32:05,May,11,Vazamento de Gás,Região Metropolitana,Baixa,39,52,Concluído
1963,2025-07-28 11:32:05,Jul,11,Salvamento Aquático,Zona Norte,Baixa,36,2,Concluído
1964,2025-07-25 11:32:05,Jul,11,Acidente Veicular,Zona Norte,Baixa,31,1,Concluído
1965,2025-09-18 11:32:05,Sep,11,Vazamento de Gás,Região Metropolitana,Alta,13,16,Em Andamento
1966,2025-02-13 11:32:05,Feb,11,Acidente Veicular,Zona Norte,Baixa,14,31,Concluído
1967,2025-03-04 11:32:05,Mar,11,Salvamento Aquático,Zona Sul,Média,28,59,Concluído
1968,2025-05-13 11:32:05,May,11,Incêndio em Edifício,Zona Sul,Alta,8,38,Concluído
1969,2025-02-18 11:32:05,Feb,11,Incêndio Florestal,Centro,Baixa,42,53,Concluído
1970,2025-11-12 11:32:05,Nov,11,Vazamento de Gás,Zona Norte,Baixa,31,30,Concluído
1971,2025-10-26 11:32:05,Oct,11,Vazamento de Gás,Zona Norte,Baixa,29,16,Concluído
1972,2025-10-08 11:32:05,Oct,11,Incêndio Florestal,Zona Norte,Alta,11,12,Concluído
1973,2025-07-04 11:32:05,Jul,11,Incêndio em Edifício,Zona Sul,Média,33,43,Em Andamento
1974,2025-08-26 11:32:05,Aug,11,Incêndio em Edifício,Zona Norte,Média,1,48,Concluído
1975,2025-05-27 11:32:05,May,11,APH - Mal Súbito,Zona Sul,Baixa,27,86,Em Andamento
1976,2025-01-12 11:32:05,Jan,11,Resgate em Altura,Zona Norte,Média,30,61,Concluído
1977,2025-07-09 11:32:05,Jul,11,Acidente Veicular,Zona Sul,Média,24,16,Concluído
1978,2025-08-20 11:32:05,Aug,11,Acidente Veicular,Região Metropolitana,Alta,8,25,Concluído
1979,2025-05-01 11:32:05,May,11,Resgate em Altura,Região Metropolitana,Média,16,18,Concluído
1980,2025-01-11 11:32:05,Jan,11,Acidente Veicular,Zona Norte,Média,41,54,Cancelado
1981,2025-05-24 11:32:05,May,11,Acidente Veicular,Região Metropolitana,Média,25,27,Concluído
1982,2025-02-01 11:32:05,Feb,11,Incêndio em Edifício,Zona Sul,Baixa,18,16,Concluído
1983,2025-02-26 11:32:05,Feb,11,Incêndio Florestal,Zona Oeste,Média,39,24,Em Andamento
1984,2025-08-31 11:32:05,Aug,11,Salvamento Aquático,Região Metropolitana,Baixa,27,31,Concluído
1985,2025-01-07 11:32:05,Jan,11,Resgate em Altura,Zona Sul,Média,15,50,Concluído
1986,2025-06-06 11:32:05,Jun,11,Incêndio Florestal,Centro,Média,30,45,Concluído
1987,2025-02-05 11:32:05,Feb,11,Salvamento Aquático,Zona Sul,Média,30,57,Cancelado
1988,2025-12-07 11:32:05,Dec,11,Vazamento de Gás,Centro,Média,32,42,Concluído
1989,2025-06-08 11:32:05,Jun,11,APH - Mal Súbito,Zona Sul,Baixa,11,82,Concluído
1990,2025-02-08 11:32:05,Feb,11,Salvamento Aquático,Região Metropolitana,Baixa,26,11,Concluído
1991,2025-10-21 11:32:05,Oct,11,Salvamento Aquático,Região Metropolitana,Média,36,82,Concluído
1992,2025-08-13 11:32:05,Aug,11,Incêndio em Edifício,Zona Norte,Baixa,19,35,Concluído
1993,2024-12-31 11:32:05,Dec,11,Salvamento Aquático,Zona Oeste,Média,13,21,Concluído
1994,2024-12-24 11:32:05,Dec,11,Resgate em Altura,Zona Norte,Média,17,36,Concluído
1995,2025-04-28 11:32:05,Apr,11,APH - Mal Súbito,Centro,Alta,13,64,Cancelado
1996,2025-05-25 11:32:05,May,11,Resgate em Altura,Zona Oeste,Alta,12,27,Concluído
1997,2025-04-15 11:32:05,Apr,11,Acidente Veicular,Zona Norte,Alta,13,25,Concluído
1998,2025-11-18 11:32:05,Nov,11,Incêndio Florestal,Zona Norte,Média,30,27,Concluído
1999,2025-09-08 11:32:05,Sep,11,Vazamento de Gás,Centro,Média,31,52,Concluído
2000,2025-10-23 11:32:05,Oct,11,Salvamento Aquático,Zona Sul,Média,13,41,Concluído
2001,2025-07-21 11:32:05,Jul,11,Salvamento Aquático,Centro,Média,25,23,Concluído
2002,2025-04-06 11:32:05,Apr,11,APH - Mal Súbito,Zona Oeste,Baixa,23,58,Concluído
2003,2025-02-27 11:32:05,Feb,11,Incêndio em Edifício,Zona Norte,Média,21,12,Concluído
2004,2024-12-19 11:32:05,Dec,11,Vazamento de Gás,Zona Norte,Média,31,24,Concluído
2005,2025-10-03 11:32:05,Oct,11,APH - Mal Súbito,Zona Sul,Baixa,26,66,Concluído
2006,2025-04-11 11:32:05,Apr,11,APH - Mal Súbito,Zona Sul,Alta,11,58,Concluído
2007,2025-04-14 11:32:05,Apr,11,Acidente Veicular,Zona Oeste,Média,21,28,Concluído
2008,2025-08-17 11:32:05,Aug,11,Salvamento Aquático,Zona Sul,Média,1,44,Concluído
2009,2025-12-01 11:32:05,Dec,11,APH - Mal Súbito,Zona Sul,Baixa,21,47,Cancelado
2010,2025-08-05 11:32:05,Aug,11,APH - Mal Súbito,Centro,Média,39,52,Concluído
2011,2025-08-16 11:32:05,Aug,11,Acidente Veicular,Zona Norte,Baixa,17,40,Concluído
2012,2025-08-08 11:32:05,Aug,11,APH - Mal Súbito,Região Metropolitana,Baixa,11,45,Concluído
2013,2025-09-06 11:32:05,Sep,11,Incêndio Florestal,Centro,Baixa,24,52,Concluído
2014,2025-04-27 11:32:05,Apr,11,Vazamento de Gás,Zona Norte,Baixa,31,54,Concluído
2015,2025-03-21 11:32:05,Mar,11,APH - Mal Súbito,Zona Oeste,Baixa,28,69,Concluído
2016,2025-04-29 11:32:05,Apr,11,Resgate em Altura,Zona Oeste,Baixa,15,27,Concluído
2017,2025-08-02 11:32:05,Aug,11,APH - Mal Súbito,Centro,Baixa,20,90,Concluído
2018,2025-09-11 11:32:05,Sep,11,Salvamento Aquático,Zona Sul,Média,11,20,Concluído
2019,2025-06-03 11:32:05,Jun,11,Incêndio em Edifício,Zona Oeste,Alta,6,31,Concluído
2020,2025-02-21 11:32:05,Feb,11,Vazamento de Gás,Zona Oeste,Média,25,11,Concluído
2021,2025-08-16 11:32:05,Aug,11,Incêndio em Edifício,Centro,Alta,5,41,Concluído
2022,2025-08-10 11:32:05,Aug,11,Salvamento Aquático,Zona Oeste,Baixa,10,47,Concluído
2023,2025-02-10 11:32:05,Feb,11,APH - Mal Súbito,Região Metropolitana,Média,18,82,Concluído
2024,2025-02-19 11:32:05,Feb,11,Incêndio Florestal,Região Metropolitana,Média,13,40,Concluído
2025,2025-04-14 11:32:05,Apr,11,Salvamento Aquático,Zona Norte,Baixa,29,55,Concluído
2026,2025-09-15 11:32:05,Sep,11,Incêndio em Edifício,Zona Oeste,Média,25,32,Concluído
2027,2025-02-07 11:32:05,Feb,11,Incêndio em Edifício,Zona Norte,Baixa,43,16,Concluído
2028,2025-07-29 11:32:05,Jul,11,Incêndio Florestal,Centro,Média,20,33,Concluído
2029,2025-08-19 11:32:05,Aug,11,Salvamento Aquático,Zona Norte,Baixa,33,35,Concluído
2030,2024-12-29 11:32:05,Dec,11,Vazamento de Gás,Zona Norte,Média,15,66,Concluído
2031,2025-05-09 11:32:05,May,11,APH - Mal Súbito,Região Metropolitana,Média,30,62,Concluído
2032,2025-11-27 11:32:05,Nov,11,Incêndio em Edifício,Centro,Alta,11,22,Concluído
2033,2025-05-17 11:32:05,May,11,Salvamento Aquático,Centro,Baixa,42,38,Em Andamento
2034,2025-10-30 11:32:05,Oct,11,Vazamento de Gás,Zona Sul,Baixa,28,63,Concluído
2035,2025-01-05 11:32:05,Jan,11,Vazamento de Gás,Zona Norte,Média,19,26,Concluído
2036,2025-09-15 11:32:05,Sep,11,Incêndio em Edifício,Zona Sul,Alta,11,31,Em Andamento
2037,2025-07-02 11:32:05,Jul,11,Incêndio Florestal,Zona Norte,Média,38,20,Em Andamento
2038,2025-01-22 11:32:05,Jan,11,Salvamento Aquático,Zona Sul,Baixa,31,28,Concluído
2039,2025-12-05 11:32:05,Dec,11,Incêndio em Edifício,Zona Sul,Alta,7,59,Concluído
2040,2024-12-21 11:32:05,Dec,11,Acidente Veicular,Centro,Média,15,22,Concluído
2041,2025-09-20 11:32:05,Sep,11,Acidente Veicular,Zona Sul,Baixa,24,24,Concluído
2042,2025-02-06 11:32:05,Feb,11,Resgate em Altura,Zona Sul,Baixa,12,16,Concluído
2043,2025-09-05 11:32:05,Sep,11,APH - Mal Súbito,Região Metropolitana,Baixa,25,53,Concluído
2044,2025-11-07 11:32:05,Nov,11,Salvamento Aquático,Zona Norte,Média,21,22,Concluído
2045,2025-10-31 11:32:05,Oct,11,Incêndio em Edifício,Zona Oeste,Alta,11,2,Concluído
2046,2025-07-20 11:32:05,Jul,11,Incêndio em Edifício,Região Metropolitana,Média,13,24,Concluído
2047,2025-11-05 11:32:05,Nov,11,Salvamento Aquático,Região Metropolitana,Média,35,30,Em Andamento
2048,2025-12-09 11:32:05,Dec,11,Salvamento Aquático,Zona Oeste,Média,14,17,Concluído
2049,2025-02-02 11:32:05,Feb,11,Acidente Veicular,Zona Oeste,Média,15,24,Concluído
2050,2025-11-24 11:32:05,Nov,11,Incêndio em Edifício,Centro,Média,23,42,Concluído
2051,2025-11-05 11:32:05,Nov,11,Incêndio em Edifício,Centro,Alta,9,40,Concluído
2052,2025-06-28 11:32:05,Jun,11,Incêndio Florestal,Zona Oeste,Baixa,8,38,Concluído
2053,2025-01-13 11:32:05,Jan,11,Vazamento de Gás,Centro,Baixa,41,36,Concluído
2054,2025-07-02 11:32:05,Jul,11,APH - Mal Súbito,Zona Oeste,Média,16,77,Concluído
2055,2025-06-25 11:32:05,Jun,11,Acidente Veicular,Zona Norte,Alta,7,37,Concluído
2056,2025-01-10 11:32:05,Jan,11,Acidente Veicular,Região Metropolitana,Média,42,48,Em Andamento
2057,2025-10-16 11:32:05,Oct,11,Salvamento Aquático,Centro,Baixa,22,46,Concluído
2058,2025-06-14 11:32:05,Jun,11,Resgate em Altura,Zona Sul,Baixa,27,41,Concluído
2059,2025-09-19 11:32:05,Sep,11,Acidente Veicular,Centro,Média,29,36,Concluído
2060,2025-09-09 11:32:05,Sep,11,Vazamento de Gás,Zona Oeste,Baixa,33,25,Cancelado
2061,2025-03-16 11:32:05,Mar,11,Incêndio em Edifício,Zona Oeste,Alta,8,33,Em Andamento
2062,2025-02-21 11:32:05,Feb,11,Vazamento de Gás,Centro,Baixa,23,39,Concluído
2063,2025-11-19 11:32:05,Nov,11,Incêndio em Edifício,Zona Oeste,Alta,10,40,Concluído
2064,2025-04-05 11:32:05,Apr,11,Incêndio Florestal,Centro,Média,35,27,Concluído
2065,2024-12-18 11:32:05,Dec,11,Resgate em Altura,Zona Norte,Média,47,46,Concluído
2066,2025-07-04 11:32:05,Jul,11,Resgate em Altura,Zona Norte,Média,29,30,Concluído
2067,2025-09-18 11:32:05,Sep,11,Incêndio Florestal,Região Metropolitana,Baixa,34,9,Concluído
2068,2025-02-24 11:32:05,Feb,11,APH - Mal Súbito,Centro,Alta,8,45,Concluído
2069,2025-01-12 11:32:05,Jan,11,APH - Mal Súbito,Zona Oeste,Média,24,74,Cancelado
2070,2025-05-02 11:32:05,May,11,APH - Mal Súbito,Zona Sul,Baixa,33,61,Em Andamento
2071,2025-03-13 11:32:05,Mar,11,APH - Mal Súbito,Região Metropolitana,Baixa,29,69,Concluído
2072,2025-06-22 11:32:05,Jun,11,Salvamento Aquático,Centro,Alta,12,28,Concluído
2073,2025-07-25 11:32:05,Jul,11,APH - Mal Súbito,Zona Sul,Alta,8,91,Cancelado
2074,2025-04-26 11:32:05,Apr,11,Resgate em Altura,Centro,Baixa,20,40,Concluído
2075,2025-08-13 11:32:05,Aug,11,APH - Mal Súbito,Zona Sul,Baixa,21,74,Concluído
2076,2025-08-08 11:32:05,Aug,11,APH - Mal Súbito,Zona Sul,Baixa,8,62,Concluído
2077,2025-07-20 11:32:05,Jul,11,Incêndio Florestal,Centro,Média,35,41,Concluído
2078,2025-05-12 11:32:05,May,11,Incêndio Florestal,Zona Norte,Média,21,49,Cancelado
2079,2025-07-30 11:32:05,Jul,11,Resgate em Altura,Zona Norte,Média,44,48,Concluído
2080,2025-02-09 11:32:05,Feb,11,Vazamento de Gás,Zona Sul,Média,9,32,Concluído
2081,2025-02-09 11:32:05,Feb,11,Salvamento Aquático,Região Metropolitana,Média,10,19,Em Andamento
2082,2025-11-06 11:32:05,Nov,11,Vazamento de Gás,Zona Sul,Alta,11,56,Cancelado
2083,2025-07-04 11:32:05,Jul,11,Incêndio Florestal,Zona Oeste,Alta,6,21,Em Andamento
2084,2025-06-05 11:32:05,Jun,11,Resgate em Altura,Centro,Baixa,22,69,Concluído
2085,2025-07-13 11:32:05,Jul,11,Incêndio Florestal,Centro,Alta,12,26,Concluído
2086,2025-08-30 11:32:05,Aug,11,Salvamento Aquático,Zona Norte,Baixa,17,30,Concluído
2087,2025-09-02 11:32:05,Sep,11,Resgate em Altura,Zona Sul,Baixa,11,13,Concluído
2088,2025-05-12 11:32:05,May,11,Salvamento Aquático,Centro,Média,5,46,Concluído
2089,2025-03-05 11:32:05,Mar,11,Vazamento de Gás,Zona Oeste,Baixa,19,55,Concluído
2090,2024-12-20 11:32:05,Dec,11,APH - Mal Súbito,Zona Norte,Baixa,23,40,Concluído
2091,2025-06-29 11:32:05,Jun,11,Resgate em Altura,Centro,Média,31,48,Em Andamento
2092,2025-01-02 11:32:05,Jan,11,Incêndio em Edifício,Zona Sul,Média,35,23,Concluído
2093,2025-09-27 11:32:05,Sep,11,Vazamento de Gás,Centro,Média,13,25,Concluído
2094,2025-04-02 11:32:05,Apr,11,APH - Mal Súbito,Zona Oeste,Baixa,22,73,Concluído
2095,2025-09-17 11:32:05,Sep,11,APH - Mal Súbito,Zona Norte,Baixa,4,100,Concluído
2096,2025-03-28 11:32:05,Mar,11,APH - Mal Súbito,Zona Sul,Média,32,89,Concluído
2097,2025-05-31 11:32:05,May,11,Vazamento de Gás,Centro,Alta,8,20,Concluído
2098,2025-07-19 11:32:05,Jul,11,Salvamento Aquático,Centro,Média,25,56,Concluído
2099,2025-09-10 11:32:05,Sep,11,Vazamento de Gás,Zona Norte,Baixa,20,28,Concluído
2100,2025-07-31 11:32:05,Jul,11,Resgate em Altura,Zona Oeste,Baixa,27,26,Concluído
2101,2025-07-22 11:32:05,Jul,11,Incêndio Florestal,Zona Sul,Baixa,25,53,Concluído
2102,2025-06-21 11:32:05,Jun,11,Resgate em Altura,Centro,Média,19,22,Concluído
2103,2025-06-25 11:32:05,Jun,11,Acidente Veicular,Zona Oeste,Baixa,27,34,Concluído
2104,2025-06-03 11:32:05,Jun,11,APH - Mal Súbito,Zona Oeste,Baixa,16,61,Concluído
2105,2025-07-07 11:32:05,Jul,11,APH - Mal Súbito,Região Metropolitana,Baixa,23,59,Concluído
2106,2025-04-11 11:32:05,Apr,11,Vazamento de Gás,Zona Oeste,Baixa,20,64,Concluído
2107,2025-04-17 11:32:05,Apr,11,Salvamento Aquático,Centro,Baixa,9,37,Concluído
2108,2025-12-05 11:32:05,Dec,11,APH - Mal Súbito,Zona Norte,Baixa,20,66,Concluído
2109,2025-11-23 11:32:05,Nov,11,Salvamento Aquático,Zona Norte,Média,1,58,Concluído
2110,2025-07-20 11:32:05,Jul,11,Incêndio Florestal,Região Metropolitana,Baixa,26,14,Concluído
2111,2025-04-15 11:32:05,Apr,11,Acidente Veicular,Zona Norte,Alta,8,27,Concluído
2112,2025-09-21 11:32:05,Sep,11,Incêndio em Edifício,Zona Oeste,Média,36,23,Concluído
2113,2024-12-16 11:32:05,Dec,11,Incêndio em Edifício,Centro,Média,32,26,Em Andamento
2114,2025-04-23 11:32:05,Apr,11,Salvamento Aquático,Zona Norte,Baixa,37,48,Concluído
2115,2025-07-24 11:32:05,Jul,11,Vazamento de Gás,Zona Sul,Baixa,31,22,Concluído
2116,2025-09-15 11:32:05,Sep,11,APH - Mal Súbito,Região Metropolitana,Alta,9,63,Concluído
2117,2025-09-09 11:32:05,Sep,11,APH - Mal Súbito,Centro,Média,15,69,Concluído
2118,2025-02-16 11:32:05,Feb,11,Incêndio em Edifício,Zona Norte,Alta,9,35,Concluído
2119,2025-08-14 11:32:05,Aug,11,Resgate em Altura,Zona Oeste,Baixa,35,41,Concluído
2120,2025-07-23 11:32:05,Jul,11,Acidente Veicular,Região Metropolitana,Alta,9,30,Concluído
2121,2025-11-13 11:32:05,Nov,11,Incêndio em Edifício,Centro,Alta,13,21,Em Andamento
2122,2025-02-24 11:32:05,Feb,11,Acidente Veicular,Região Metropolitana,Média,32,28,Concluído
2123,2025-02-11 11:32:05,Feb,11,Resgate em Altura,Centro,Baixa,13,25,Concluído
2124,2025-10-17 11:32:05,Oct,11,Vazamento de Gás,Centro,Alta,12,33,Concluído
2125,2025-03-04 11:32:05,Mar,11,Acidente Veicular,Região Metropolitana,Alta,11,39,Concluído
2126,2025-10-24 11:32:05,Oct,11,Incêndio em Edifício,Zona Oeste,Alta,7,44,Concluído
2127,2025-07-13 11:32:05,Jul,11,Resgate em Altura,Zona Sul,Média,21,23,Concluído
2128,2025-02-21 11:32:05,Feb,11,Incêndio em Edifício,Zona Sul,Alta,7,47,Concluído
2129,2025-05-06 11:32:05,May,11,Incêndio em Edifício,Centro,Alta,12,41,Concluído
2130,2025-03-30 11:32:05,Mar,11,Resgate em Altura,Zona Sul,Média,13,35,Concluído
2131,2025-01-09 11:32:05,Jan,11,Salvamento Aquático,Centro,Baixa,16,25,Em Andamento
2132,2025-12-01 11:32:05,Dec,11,Incêndio Florestal,Região Metropolitana,Baixa,29,25,Concluído
2133,2025-06-29 11:32:05,Jun,11,Resgate em Altura,Região Metropolitana,Baixa,32,17,Concluído
2134,2025-07-26 11:32:05,Jul,11,Salvamento Aquático,Região Metropolitana,Baixa,28,13,Em Andamento
2135,2025-10-13 11:32:05,Oct,11,APH - Mal Súbito,Região Metropolitana,Alta,10,44,Concluído
2136,2025-08-29 11:32:05,Aug,11,Incêndio em Edifício,Região Metropolitana,Alta,10,39,Concluído
2137,2025-11-08 11:32:05,Nov,11,APH - Mal Súbito,Zona Sul,Baixa,21,47,Concluído
2138,2025-01-26 11:32:05,Jan,11,APH - Mal Súbito,Zona Sul,Média,7,67,Concluído
2139,2025-11-22 11:32:05,Nov,11,APH - Mal Súbito,Zona Oeste,Baixa,12,58,Concluído
2140,2025-06-03 11:32:05,Jun,11,Acidente Veicular,Região Metropolitana,Alta,4,36,Cancelado
2141,2025-03-14 11:32:05,Mar,11,Salvamento Aquático,Região Metropolitana,Baixa,21,38,Concluído
2142,2025-09-26 11:32:05,Sep,11,Resgate em Altura,Zona Norte,Média,45,43,Concluído
2143,2025-03-30 11:32:05,Mar,11,Salvamento Aquático,Região Metropolitana,Baixa,32,73,Concluído
2144,2025-08-18 11:32:05,Aug,11,Incêndio em Edifício,Centro,Alta,8,48,Concluído
2145,2025-04-05 11:32:05,Apr,11,Salvamento Aquático,Zona Oeste,Baixa,28,25,Concluído
2146,2025-05-31 11:32:05,May,11,Incêndio Florestal,Zona Norte,Baixa,34,39,Concluído
2147,2025-06-10 11:32:05,Jun,11,Vazamento de Gás,Centro,Média,34,51,Concluído
2148,2025-11-12 11:32:05,Nov,11,Acidente Veicular,Zona Oeste,Média,19,20,Concluído
2149,2025-04-16 11:32:05,Apr,11,Incêndio Florestal,Centro,Baixa,23,31,Cancelado
2150,2025-10-13 11:32:05,Oct,11,Vazamento de Gás,Região Metropolitana,Baixa,22,43,Concluído
2151,2025-07-11 11:32:05,Jul,11,Salvamento Aquático,Zona Sul,Média,40,2,Em Andamento
2152,2025-11-08 11:32:05,Nov,11,APH - Mal Súbito,Zona Sul,Baixa,10,78,Em Andamento
2153,2025-01-18 11:32:05,Jan,11,Salvamento Aquático,Região Metropolitana,Baixa,22,32,Concluído
2154,2025-01-19 11:32:05,Jan,11,APH - Mal Súbito,Zona Sul,Média,28,83,Cancelado
2155,2025-07-03 11:32:05,Jul,11,Incêndio em Edifício,Zona Oeste,Alta,7,34,Concluído
2156,2025-02-18 11:32:05,Feb,11,Salvamento Aquático,Região Metropolitana,Média,27,58,Concluído
2157,2025-09-08 11:32:05,Sep,11,Vazamento de Gás,Zona Oeste,Média,31,14,Concluído
2158,2025-05-28 11:32:05,May,11,Salvamento Aquático,Zona Norte,Alta,12,30,Cancelado
2159,2025-08-05 11:32:05,Aug,11,Resgate em Altura,Centro,Alta,8,64,Concluído
2160,2025-05-13 11:32:05,May,11,Incêndio Florestal,Zona Sul,Média,24,23,Concluído
2161,2025-06-21 11:32:05,Jun,11,Acidente Veicular,Centro,Alta,10,40,Concluído
2162,2024-12-24 11:32:05,Dec,11,Salvamento Aquático,Zona Sul,Baixa,16,42,Concluído
2163,2025-04-14 11:32:05,Apr,11,Incêndio Florestal,Região Metropolitana,Baixa,21,1,Concluído
2164,2025-02-04 11:32:05,Feb,11,APH - Mal Súbito,Zona Norte,Baixa,16,57,Concluído
2165,2025-02-27 11:32:05,Feb,11,Resgate em Altura,Zona Oeste,Alta,8,38,Concluído
2166,2025-11-20 11:32:05,Nov,11,Salvamento Aquático,Zona Norte,Média,12,29,Cancelado
2167,2025-09-05 11:32:05,Sep,11,APH - Mal Súbito,Região Metropolitana,Baixa,20,78,Concluído
2168,2025-05-11 11:32:05,May,11,Incêndio em Edifício,Zona Sul,Alta,6,11,Concluído
2169,2025-06-03 11:32:05,Jun,11,Resgate em Altura,Zona Oeste,Média,17,18,Concluído
2170,2025-02-08 11:32:05,Feb,11,APH - Mal Súbito,Zona Sul,Baixa,26,58,Cancelado
2171,2025-03-12 11:32:05,Mar,11,Incêndio em Edifício,Centro,Alta,6,59,Concluído
2172,2025-06-22 11:32:05,Jun,11,APH - Mal Súbito,Zona Sul,Baixa,42,53,Concluído
2173,2025-03-20 11:32:05,Mar,11,Incêndio em Edifício,Região Metropolitana,Média,26,49,Concluído
2174,2025-01-08 11:32:05,Jan,11,Resgate em Altura,Zona Norte,Média,19,51,Concluído
2175,2025-11-27 11:32:05,Nov,11,Salvamento Aquático,Região Metropolitana,Baixa,26,28,Concluído
2176,2025-09-28 11:32:05,Sep,11,Salvamento Aquático,Região Metropolitana,Baixa,25,16,Concluído
2177,2025-07-14 11:32:05,Jul,11,Acidente Veicular,Zona Sul,Alta,8,67,Concluído
2178,2025-11-27 11:32:05,Nov,11,Incêndio em Edifício,Zona Sul,Média,29,12,Concluído
2179,2025-02-28 11:32:05,Feb,11,Acidente Veicular,Zona Norte,Alta,5,28,Concluído
2180,2025-02-06 11:32:05,Feb,11,Vazamento de Gás,Zona Norte,Baixa,21,42,Concluído
2181,2025-08-22 11:32:05,Aug,11,Resgate em Altura,Região Metropolitana,Média,13,17,Em Andamento
2182,2025-03-10 11:32:05,Mar,11,Resgate em Altura,Zona Oeste,Baixa,3,12,Concluído
2183,2025-05-03 11:32:05,May,11,Resgate em Altura,Zona Oeste,Baixa,27,51,Concluído
2184,2025-03-23 11:32:05,Mar,11,Vazamento de Gás,Zona Oeste,Baixa,43,59,Concluído
2185,2025-06-03 11:32:05,Jun,11,Salvamento Aquático,Zona Norte,Alta,8,49,Concluído
2186,2025-12-14 11:32:05,Dec,11,Incêndio Florestal,Zona Norte,Baixa,37,30,Concluído
2187,2025-03-28 11:32:05,Mar,11,Acidente Veicular,Região Metropolitana,Baixa,34,33,Concluído
2188,2025-06-19 11:32:05,Jun,11,APH - Mal Súbito,Região Metropolitana,Baixa,13,70,Concluído
2189,2025-04-21 11:32:05,Apr,11,APH - Mal Súbito,Zona Oeste,Média,23,44,Concluído
2190,2025-01-25 11:32:05,Jan,11,Resgate em Altura,Centro,Média,8,45,Cancelado
2191,2025-04-04 11:32:05,Apr,11,Resgate em Altura,Região Metropolitana,Média,30,31,Concluído
2192,2025-09-27 11:32:05,Sep,11,Incêndio em Edifício,Região Metropolitana,Alta,9,39,Concluído
2193,2025-10-02 11:32:05,Oct,11,APH - Mal Súbito,Zona Norte,Média,15,51,Concluído
2194,2025-08-23 11:32:05,Aug,11,Resgate em Altura,Centro,Baixa,38,31,Concluído
2195,2025-01-17 11:32:05,Jan,11,APH - Mal Súbito,Região Metropolitana,Baixa,40,57,Concluído
2196,2025-07-06 11:32:05,Jul,11,Incêndio em Edifício,Centro,Alta,11,42,Concluído
2197,2025-05-11 11:32:05,May,11,Incêndio em Edifício,Zona Norte,Média,16,59,Cancelado
2198,2025-10-20 11:32:05,Oct,11,Resgate em Altura,Zona Oeste,Média,13,51,Concluído
2199,2025-07-16 11:32:05,Jul,11,Salvamento Aquático,Zona Sul,Baixa,25,41,Concluído
2200,2025-08-21 11:32:05,Aug,11,Incêndio Florestal,Zona Sul,Baixa,9,25,Concluído
2201,2025-06-24 11:32:05,Jun,11,Incêndio Florestal,Zona Norte,Baixa,25,58,Concluído
2202,2025-04-03 11:32:05,Apr,11,Resgate em Altura,Zona Sul,Baixa,32,31,Concluído
2203,2025-05-16 11:32:05,May,11,Incêndio em Edifício,Zona Oeste,Alta,10,32,Concluído
2204,2025-07-03 11:32:05,Jul,11,Incêndio Florestal,Região Metropolitana,Baixa,25,35,Concluído
2205,2025-10-21 11:32:05,Oct,11,Vazamento de Gás,Zona Sul,Média,23,31,Concluído
2206,2025-02-04 11:32:05,Feb,11,Incêndio em Edifício,Centro,Alta,11,44,Concluído
2207,2025-11-28 11:32:05,Nov,11,Incêndio em Edifício,Centro,Alta,11,42,Concluído
2208,2025-02-10 11:32:05,Feb,11,Vazamento de Gás,Zona Oeste,Média,9,66,Concluído
2209,2025-05-08 11:32:05,May,11,Salvamento Aquático,Centro,Baixa,31,40,Concluído
2210,2025-11-26 11:32:05,Nov,11,Vazamento de Gás,Região Metropolitana,Baixa,29,16,Concluído
2211,2025-07-24 11:32:05,Jul,11,Acidente Veicular,Centro,Alta,12,17,Concluído
2212,2025-08-06 11:32:05,Aug,11,Vazamento de Gás,Zona Norte,Alta,8,22,Concluído
2213,2025-10-15 11:32:05,Oct,11,Salvamento Aquático,Região Metropolitana,Baixa,18,63,Concluído
2214,2025-10-08 11:32:05,Oct,11,Incêndio em Edifício,Região Metropolitana,Alta,11,8,Concluído
2215,2025-03-30 11:32:05,Mar,11,Acidente Veicular,Zona Norte,Alta,11,20,Concluído
2216,2025-06-12 11:32:05,Jun,11,APH - Mal Súbito,Zona Norte,Alta,10,47,Concluído
2217,2025-11-02 11:32:05,Nov,11,Resgate em Altura,Zona Oeste,Média,22,41,Concluído
2218,2025-01-31 11:32:05,Jan,11,Acidente Veicular,Região Metropolitana,Alta,9,46,Concluído
2219,2025-02-21 11:32:05,Feb,11,Incêndio Florestal,Centro,Baixa,27,22,Concluído
2220,2025-08-09 11:32:05,Aug,11,Incêndio Florestal,Zona Norte,Média,37,47,Concluído
2221,2025-02-01 11:32:05,Feb,11,Salvamento Aquático,Zona Norte,Baixa,39,12,Concluído
2222,2025-01-24 11:32:05,Jan,11,Salvamento Aquático,Zona Oeste,Média,23,12,Concluído
2223,2024-12-25 11:32:05,Dec,11,Resgate em Altura,Zona Oeste,Média,23,28,Concluído
2224,2025-04-03 11:32:05,Apr,11,Incêndio em Edifício,Zona Oeste,Alta,8,20,Concluído
2225,2025-11-04 11:32:05,Nov,11,APH - Mal Súbito,Região Metropolitana,Baixa,23,99,Concluído
2226,2025-02-19 11:32:05,Feb,11,Acidente Veicular,Zona Sul,Média,20,55,Concluído
2227,2025-06-20 11:32:05,Jun,11,Vazamento de Gás,Centro,Baixa,10,37,Concluído
2228,2025-03-01 11:32:05,Mar,11,Vazamento de Gás,Zona Sul,Baixa,19,55,Concluído
2229,2025-08-07 11:32:05,Aug,11,Vazamento de Gás,Centro,Alta,12,33,Concluído
2230,2025-10-15 11:32:05,Oct,11,APH - Mal Súbito,Centro,Alta,9,74,Em Andamento
2231,2025-03-04 11:32:05,Mar,11,APH - Mal Súbito,Zona Norte,Média,17,74,Concluído
2232,2025-03-04 11:32:05,Mar,11,APH - Mal Súbito,Zona Norte,Baixa,19,58,Concluído
2233,2025-07-06 11:32:05,Jul,11,Incêndio Florestal,Centro,Alta,8,51,Concluído
2234,2025-11-26 11:32:05,Nov,11,Vazamento de Gás,Zona Norte,Baixa,17,16,Concluído
2235,2025-01-13 11:32:05,Jan,11,APH - Mal Súbito,Centro,Média,25,38,Concluído
2236,2025-10-28 11:32:05,Oct,11,Vazamento de Gás,Zona Oeste,Alta,9,36,Concluído
2237,2025-11-06 11:32:05,Nov,11,Incêndio Florestal,Centro,Baixa,28,49,Concluído
2238,2024-12-26 11:32:05,Dec,11,Vazamento de Gás,Zona Sul,Baixa,27,22,Concluído
2239,2025-11-22 11:32:05,Nov,11,Resgate em Altura,Zona Sul,Baixa,25,9,Concluído
2240,2025-02-28 11:32:05,Feb,11,Salvamento Aquático,Região Metropolitana,Baixa,30,32,Concluído
2241,2025-09-05 11:32:05,Sep,11,Acidente Veicular,Zona Norte,Alta,13,4,Concluído
2242,2025-10-12 11:32:05,Oct,11,Incêndio Florestal,Região Metropolitana,Média,25,48,Concluído
2243,2024-12-26 11:32:05,Dec,11,Acidente Veicular,Zona Norte,Alta,11,53,Concluído
2244,2025-04-10 11:32:05,Apr,11,Incêndio Florestal,Região Metropolitana,Alta,12,29,Concluído
2245,2025-01-14 11:32:05,Jan,11,Incêndio em Edifício,Zona Oeste,Alta,11,31,Concluído
2246,2025-09-20 11:32:05,Sep,11,APH - Mal Súbito,Região Metropolitana,Baixa,38,58,Em Andamento
2247,2025-11-17 11:32:05,Nov,11,Acidente Veicular,Zona Norte,Média,44,39,Concluído
2248,2025-10-23 11:32:05,Oct,11,Acidente Veicular,Centro,Alta,11,28,Concluído
2249,2025-06-16 11:32:05,Jun,11,Incêndio em Edifício,Zona Sul,Alta,10,42,Concluído
2250,2025-08-10 11:32:05,Aug,11,Salvamento Aquático,Zona Sul,Média,22,36,Em Andamento
2251,2024-12-14 11:32:05,Dec,11,APH - Mal Súbito,Zona Sul,Média,24,78,Cancelado
2252,2025-11-28 11:32:05,Nov,11,Incêndio em Edifício,Zona Oeste,Média,13,34,Concluído
2253,2025-06-16 11:32:05,Jun,11,Incêndio em Edifício,Zona Norte,Alta,10,2,Concluído
2254,2025-07-07 11:32:05,Jul,11,Salvamento Aquático,Região Metropolitana,Média,39,35,Concluído
2255,2025-03-18 11:32:05,Mar,11,Acidente Veicular,Centro,Baixa,31,41,Concluído
2256,2025-09-30 11:32:05,Sep,11,Incêndio Florestal,Zona Sul,Baixa,4,26,Concluído
2257,2025-10-20 11:32:05,Oct,11,Incêndio Florestal,Região Metropolitana,Média,32,41,Concluído
2258,2025-03-18 11:32:05,Mar,11,APH - Mal Súbito,Região Metropolitana,Média,25,81,Concluído
2259,2025-03-06 11:32:05,Mar,11,Salvamento Aquático,Zona Oeste,Baixa,19,48,Concluído
2260,2025-03-18 11:32:05,Mar,11,Salvamento Aquático,Centro,Baixa,18,9,Concluído
2261,2025-03-28 11:32:05,Mar,11,Resgate em Altura,Centro,Média,21,19,Em Andamento
2262,2025-11-06 11:32:05,Nov,11,Resgate em Altura,Zona Sul,Baixa,18,49,Concluído
2263,2025-11-13 11:32:05,Nov,11,Acidente Veicular,Zona Oeste,Alta,7,14,Concluído
2264,2025-09-17 11:32:05,Sep,11,Vazamento de Gás,Centro,Média,31,29,Concluído
2265,2025-08-18 11:32:05,Aug,11,Vazamento de Gás,Zona Norte,Baixa,32,62,Concluído
2266,2025-10-04 11:32:05,Oct,11,Incêndio Florestal,Centro,Baixa,13,22,Cancelado
2267,2025-08-24 11:32:05,Aug,11,Vazamento de Gás,Centro,Média,19,52,Concluído
2268,2024-12-14 11:32:05,Dec,11,Incêndio em Edifício,Zona Oeste,Alta,10,26,Concluído
2269,2024-12-17 11:32:05,Dec,11,Salvamento Aquático,Zona Norte,Baixa,13,45,Concluído
2270,2025-09-22 11:32:05,Sep,11,Resgate em Altura,Zona Sul,Baixa,27,43,Em Andamento
2271,2025-08-29 11:32:05,Aug,11,Incêndio Florestal,Centro,Baixa,22,49,Concluído
2272,2025-09-22 11:32:05,Sep,11,APH - Mal Súbito,Região Metropolitana,Média,25,77,Concluído
2273,2025-08-09 11:32:05,Aug,11,Incêndio em Edifício,Zona Norte,Alta,9,22,Concluído
2274,2025-08-11 11:32:05,Aug,11,Resgate em Altura,Centro,Baixa,41,32,Concluído
2275,2025-01-04 11:32:05,Jan,11,Incêndio em Edifício,Zona Norte,Alta,13,52,Concluído
2276,2025-11-29 11:32:05,Nov,11,Vazamento de Gás,Zona Norte,Média,45,46,Concluído
2277,2025-09-28 11:32:05,Sep,11,Salvamento Aquático,Zona Sul,Baixa,44,22,Concluído
2278,2025-02-17 11:32:05,Feb,11,Salvamento Aquático,Zona Oeste,Baixa,37,26,Concluído
2279,2025-11-03 11:32:05,Nov,11,Incêndio em Edifício,Região Metropolitana,Alta,6,25,Concluído
2280,2025-01-01 11:32:05,Jan,11,Incêndio em Edifício,Centro,Alta,11,27,Concluído
2281,2025-07-05 11:32:05,Jul,11,Acidente Veicular,Zona Norte,Alta,6,31,Cancelado
2282,2025-10-01 11:32:05,Oct,11,Vazamento de Gás,Centro,Média,32,31,Concluído
2283,2025-11-21 11:32:05,Nov,11,Incêndio Florestal,Zona Norte,Baixa,4,30,Concluído
2284,2025-04-18 11:32:05,Apr,11,Incêndio em Edifício,Zona Sul,Alta,9,27,Concluído
2285,2025-09-17 11:32:05,Sep,11,Acidente Veicular,Zona Norte,Média,20,34,Concluído
2286,2025-02-21 11:32:05,Feb,11,Resgate em Altura,Zona Sul,Média,28,28,Concluído
2287,2025-06-19 11:32:05,Jun,11,Incêndio em Edifício,Zona Norte,Alta,11,31,Concluído
2288,2025-05-29 11:32:05,May,11,Salvamento Aquático,Zona Norte,Baixa,21,25,Concluído
2289,2025-08-12 11:32:05,Aug,11,APH - Mal Súbito,Região Metropolitana,Baixa,22,75,Em Andamento
2290,2025-04-23 11:32:05,Apr,11,Incêndio em Edifício,Zona Oeste,Alta,11,42,Concluído
2291,2025-11-23 11:32:05,Nov,11,APH - Mal Súbito,Zona Norte,Baixa,18,61,Concluído
2292,2025-09-28 11:32:05,Sep,11,Incêndio em Edifício,Centro,Média,42,41,Em Andamento
2293,2025-10-13 11:32:05,Oct,11,Vazamento de Gás,Centro,Baixa,30,20,Concluído
2294,2025-05-28 11:32:05,May,11,APH - Mal Súbito,Zona Oeste,Média,36,60,Concluído
2295,2025-11-28 11:32:05,Nov,11,APH - Mal Súbito,Região Metropolitana,Baixa,37,42,Concluído
2296,2025-02-22 11:32:05,Feb,11,Incêndio em Edifício,Zona Sul,Alta,12,24,Concluído
2297,2025-01-24 11:32:05,Jan,11,Incêndio em Edifício,Região Metropolitana,Alta,9,36,Concluído
2298,2025-01-23 11:32:05,Jan,11,APH - Mal Súbito,Centro,Média,14,92,Concluído
2299,2025-09-04 11:32:05,Sep,11,Acidente Veicular,Zona Norte,Média,13,54,Concluído
2300,2025-07-02 11:32:05,Jul,11,Vazamento de Gás,Região Metropolitana,Média,38,37,Em Andamento
2301,2025-08-24 11:32:05,Aug,11,Incêndio Florestal,Zona Sul,Baixa,27,41,Em Andamento
2302,2025-09-22 11:32:05,Sep,11,Incêndio em Edifício,Zona Sul,Média,17,35,Concluído
2303,2025-03-17 11:32:05,Mar,11,Vazamento de Gás,Zona Sul,Média,24,33,Concluído
2304,2025-08-31 11:32:05,Aug,11,Resgate em Altura,Centro,Baixa,35,29,Concluído
2305,2025-03-23 11:32:05,Mar,11,Incêndio em Edifício,Centro,Média,42,42,Concluído
2306,2025-11-15 11:32:05,Nov,11,Salvamento Aquático,Zona Sul,Baixa,14,65,Concluído
2307,2025-12-05 11:32:05,Dec,11,Incêndio em Edifício,Zona Norte,Média,15,49,Cancelado
2308,2025-10-13 11:32:05,Oct,11,APH - Mal Súbito,Região Metropolitana,Média,29,40,Concluído
2309,2025-01-03 11:32:05,Jan,11,APH - Mal Súbito,Centro,Baixa,33,54,Concluído
2310,2025-07-17 11:32:05,Jul,11,Salvamento Aquático,Zona Oeste,Média,13,26,Concluído
2311,2024-12-18 11:32:05,Dec,11,APH - Mal Súbito,Zona Oeste,Baixa,29,45,Concluído
2312,2025-05-08 11:32:05,May,11,Resgate em Altura,Centro,Baixa,24,1,Em Andamento
2313,2025-03-28 11:32:05,Mar,11,Incêndio Florestal,Região Metropolitana,Baixa,6,42,Concluído
2314,2025-03-02 11:32:05,Mar,11,Acidente Veicular,Região Metropolitana,Média,14,17,Concluído
2315,2025-05-17 11:32:05,May,11,Acidente Veicular,Zona Sul,Alta,11,44,Concluído
2316,2025-07-11 11:32:05,Jul,11,Incêndio em Edifício,Zona Sul,Baixa,30,49,Concluído
2317,2025-06-07 11:32:05,Jun,11,Vazamento de Gás,Zona Norte,Média,27,61,Concluído
2318,2025-12-07 11:32:05,Dec,11,Acidente Veicular,Região Metropolitana,Média,29,12,Concluído
2319,2025-03-30 11:32:05,Mar,11,Resgate em Altura,Zona Sul,Média,22,61,Concluído
2320,2025-07-26 11:32:05,Jul,11,Acidente Veicular,Zona Oeste,Alta,12,39,Concluído
2321,2025-06-06 11:32:05,Jun,11,Incêndio em Edifício,Região Metropolitana,Alta,11,35,Em Andamento
2322,2025-09-05 11:32:05,Sep,11,APH - Mal Súbito,Centro,Média,20,56,Concluído
2323,2025-03-02 11:32:05,Mar,11,APH - Mal Súbito,Zona Norte,Baixa,34,61,Em Andamento
2324,2025-09-04 11:32:05,Sep,11,Salvamento Aquático,Zona Oeste,Baixa,14,50,Concluído
2325,2025-06-14 11:32:05,Jun,11,Resgate em Altura,Zona Oeste,Baixa,29,21,Concluído
2326,2025-07-04 11:32:05,Jul,11,APH - Mal Súbito,Zona Sul,Baixa,21,31,Cancelado
2327,2025-09-27 11:32:05,Sep,11,Incêndio Florestal,Zona Sul,Média,35,24,Concluído
2328,2025-03-22 11:32:05,Mar,11,Salvamento Aquático,Região Metropolitana,Média,23,62,Em Andamento
2329,2025-10-14 11:32:05,Oct,11,Resgate em Altura,Zona Norte,Média,24,44,Concluído
2330,2025-02-03 11:32:05,Feb,11,Incêndio em Edifício,Região Metropolitana,Alta,11,11,Concluído
2331,2025-05-04 11:32:05,May,11,Resgate em Altura,Zona Oeste,Baixa,22,25,Concluído
2332,2024-12-20 11:32:05,Dec,11,APH - Mal Súbito,Zona Oeste,Baixa,1,44,Concluído
2333,2025-03-24 11:32:05,Mar,11,Incêndio Florestal,Centro,Baixa,22,60,Concluído
2334,2025-10-11 11:32:05,Oct,11,Acidente Veicular,Centro,Alta,11,45,Em Andamento
2335,2025-09-20 11:32:05,Sep,11,Salvamento Aquático,Zona Norte,Média,14,33,Em Andamento
2336,2025-03-25 11:32:05,Mar,11,Resgate em Altura,Região Metropolitana,Baixa,36,46,Concluído
2337,2025-05-27 11:32:05,May,11,Incêndio em Edifício,Zona Oeste,Média,49,37,Concluído
2338,2025-08-29 11:32:05,Aug,11,Resgate em Altura,Região Metropolitana,Baixa,12,48,Em Andamento
2339,2025-01-16 11:32:05,Jan,11,Vazamento de Gás,Zona Norte,Baixa,31,13,Cancelado
2340,2025-10-05 11:32:05,Oct,11,Vazamento de Gás,Centro,Alta,12,30,Concluído
2341,2025-01-12 11:32:05,Jan,11,Incêndio Florestal,Região Metropolitana,Média,1,48,Em Andamento
2342,2025-12-10 11:32:05,Dec,11,Incêndio em Edifício,Zona Sul,Média,38,25,Em Andamento
2343,2025-04-24 11:32:05,Apr,11,Incêndio Florestal,Zona Oeste,Baixa,42,22,Concluído
2344,2025-07-21 11:32:05,Jul,11,Incêndio Florestal,Centro,Média,14,25,Concluído
2345,2025-07-26 11:32:05,Jul,11,Incêndio Florestal,Zona Sul,Média,18,38,Concluído
2346,2025-08-15 11:32:05,Aug,11,Incêndio Florestal,Centro,Baixa,21,55,Concluído
2347,2025-08-09 11:32:05,Aug,11,Incêndio em Edifício,Zona Oeste,Média,10,63,Concluído
2348,2025-11-29 11:32:05,Nov,11,Acidente Veicular,Zona Norte,Média,31,30,Concluído
2349,2025-01-16 11:32:05,Jan,11,Vazamento de Gás,Centro,Baixa,15,25,Concluído
2350,2025-10-09 11:32:05,Oct,11,APH - Mal Súbito,Zona Oeste,Baixa,12,49,Em Andamento
2351,2025-11-11 11:32:05,Nov,11,Incêndio Florestal,Zona Norte,Média,37,47,Concluído
2352,2025-04-21 11:32:05,Apr,11,Incêndio Florestal,Centro,Média,29,28,Concluído
2353,2025-10-09 11:32:05,Oct,11,Acidente Veicular,Centro,Baixa,3,21,Concluído
2354,2025-10-04 11:32:05,Oct,11,Incêndio Florestal,Região Metropolitana,Baixa,13,31,Concluído
2355,2025-04-20 11:32:05,Apr,11,APH - Mal Súbito,Zona Sul,Baixa,34,74,Concluído
2356,2025-12-08 11:32:05,Dec,11,Incêndio Florestal,Zona Norte,Baixa,41,19,Concluído
2357,2025-04-23 11:32:05,Apr,11,Vazamento de Gás,Zona Sul,Média,14,26,Concluído
2358,2025-01-24 11:32:05,Jan,11,Incêndio Florestal,Centro,Alta,9,36,Em Andamento
2359,2025-06-07 11:32:05,Jun,11,APH - Mal Súbito,Zona Norte,Baixa,19,86,Concluído
2360,2025-09-13 11:32:05,Sep,11,Vazamento de Gás,Centro,Baixa,25,31,Concluído
2361,2024-12-30 11:32:05,Dec,11,Salvamento Aquático,Zona Norte,Baixa,26,38,Em Andamento
2362,2025-08-24 11:32:05,Aug,11,APH - Mal Súbito,Centro,Média,25,74,Concluído
2363,2025-10-19 11:32:05,Oct,11,Salvamento Aquático,Centro,Baixa,24,48,Concluído
2364,2025-01-26 11:32:05,Jan,11,Salvamento Aquático,Zona Oeste,Baixa,36,28,Concluído
2365,2025-01-01 11:32:05,Jan,11,Salvamento Aquático,Zona Norte,Baixa,37,35,Em Andamento
2366,2025-09-27 11:32:05,Sep,11,APH - Mal Súbito,Região Metropolitana,Baixa,36,64,Concluído
2367,2025-02-24 11:32:05,Feb,11,Salvamento Aquático,Zona Sul,Baixa,32,50,Concluído
2368,2025-02-20 11:32:05,Feb,11,APH - Mal Súbito,Zona Sul,Baixa,32,47,Concluído
2369,2025-07-25 11:32:05,Jul,11,Acidente Veicular,Zona Oeste,Baixa,24,16,Concluído
2370,2025-05-11 11:32:05,May,11,Salvamento Aquático,Região Metropolitana,Baixa,17,17,Concluído
2371,2025-10-11 11:32:05,Oct,11,APH - Mal Súbito,Região Metropolitana,Baixa,18,48,Concluído
2372,2025-03-26 11:32:05,Mar,11,Resgate em Altura,Centro,Baixa,26,26,Em Andamento
2373,2025-05-10 11:32:05,May,11,Vazamento de Gás,Zona Oeste,Média,33,57,Em Andamento
2374,2025-02-25 11:32:05,Feb,11,Acidente Veicular,Zona Norte,Baixa,12,34,Concluído
2375,2025-12-11 11:32:05,Dec,11,Vazamento de Gás,Zona Oeste,Média,30,19,Concluído
2376,2025-08-16 11:32:05,Aug,11,Salvamento Aquático,Centro,Alta,10,36,Cancelado
2377,2025-03-29 11:32:05,Mar,11,Resgate em Altura,Região Metropolitana,Baixa,30,31,Concluído
2378,2025-10-29 11:32:05,Oct,11,APH - Mal Súbito,Zona Sul,Alta,9,83,Concluído
2379,2025-08-18 11:32:05,Aug,11,Salvamento Aquático,Região Metropolitana,Baixa,22,54,Concluído
2380,2025-01-19 11:32:05,Jan,11,Vazamento de Gás,Região Metropolitana,Baixa,20,24,Concluído
2381,2025-04-05 11:32:05,Apr,11,Incêndio em Edifício,Centro,Alta,9,19,Concluído
2382,2025-07-28 11:32:05,Jul,11,Vazamento de Gás,Centro,Média,34,48,Concluído
2383,2024-12-19 11:32:05,Dec,11,Resgate em Altura,Região Metropolitana,Baixa,18,25,Concluído
2384,2025-02-26 11:32:05,Feb,11,Salvamento Aquático,Centro,Média,25,7,Concluído
2385,2025-04-18 11:32:05,Apr,11,Acidente Veicular,Zona Sul,Média,36,47,Em Andamento
2386,2025-05-16 11:32:05,May,11,Vazamento de Gás,Centro,Baixa,8,32,Concluído
2387,2025-01-17 11:32:05,Jan,11,Acidente Veicular,Zona Sul,Alta,11,29,Concluído
2388,2025-12-03 11:32:05,Dec,11,Incêndio Florestal,Zona Oeste,Baixa,35,33,Concluído
2389,2025-01-16 11:32:05,Jan,11,Salvamento Aquático,Região Metropolitana,Baixa,13,19,Concluído
2390,2025-08-23 11:32:05,Aug,11,Acidente Veicular,Centro,Alta,9,20,Concluído
2391,2025-01-23 11:32:05,Jan,11,Resgate em Altura,Zona Sul,Média,22,54,Concluído
2392,2025-11-24 11:32:05,Nov,11,Vazamento de Gás,Zona Oeste,Baixa,20,23,Cancelado
2393,2025-11-19 11:32:05,Nov,11,Acidente Veicular,Zona Sul,Média,20,39,Concluído
2394,2025-04-15 11:32:05,Apr,11,APH - Mal Súbito,Centro,Média,13,55,Concluído
2395,2025-11-06 11:32:05,Nov,11,Incêndio em Edifício,Zona Sul,Média,30,22,Concluído
2396,2025-07-06 11:32:05,Jul,11,Incêndio em Edifício,Zona Sul,Alta,9,19,Concluído
2397,2025-10-06 11:32:05,Oct,11,APH - Mal Súbito,Zona Sul,Média,26,42,Concluído
2398,2025-05-30 11:32:05,May,11,Salvamento Aquático,Centro,Baixa,25,51,Concluído
2399,2025-10-16 11:32:05,Oct,11,Incêndio Florestal,Região Metropolitana,Média,30,39,Concluído
2400,2025-01-21 11:32:05,Jan,11,Resgate em Altura,Centro,Baixa,21,45,Concluído
2401,2025-01-06 11:32:05,Jan,11,Acidente Veicular,Zona Norte,Alta,8,30,Em Andamento
2402,2025-06-19 11:32:05,Jun,11,Acidente Veicular,Zona Sul,Média,24,35,Concluído
2403,2025-05-22 11:32:05,May,11,Acidente Veicular,Zona Sul,Média,32,21,Concluído
2404,2025-05-04 11:32:05,May,11,Acidente Veicular,Região Metropolitana,Alta,12,47,Cancelado
2405,2025-01-14 11:32:05,Jan,11,Salvamento Aquático,Zona Oeste,Média,32,43,Cancelado
2406,2025-02-01 11:32:05,Feb,11,Incêndio Florestal,Zona Norte,Média,27,36,Concluído
2407,2025-05-10 11:32:05,May,11,Resgate em Altura,Zona Oeste,Média,30,25,Concluído
2408,2025-05-14 11:32:05,May,11,Incêndio em Edifício,Zona Oeste,Média,22,50,Em Andamento
2409,2025-03-07 11:32:05,Mar,11,Incêndio Florestal,Zona Norte,Baixa,12,54,Concluído
2410,2025-04-12 11:32:05,Apr,11,Salvamento Aquático,Centro,Baixa,27,27,Concluído
2411,2025-10-29 11:32:05,Oct,11,Vazamento de Gás,Região Metropolitana,Baixa,8,31,Concluído
2412,2025-10-16 11:32:05,Oct,11,Resgate em Altura,Zona Oeste,Média,30,35,Concluído
2413,2025-10-31 11:32:05,Oct,11,Acidente Veicular,Região Metropolitana,Alta,7,43,Concluído
2414,2025-04-19 11:32:05,Apr,11,Acidente Veicular,Zona Norte,Alta,9,39,Concluído
2415,2025-04-25 11:32:05,Apr,11,Salvamento Aquático,Zona Sul,Média,7,21,Concluído
2416,2025-09-20 11:32:05,Sep,11,Salvamento Aquático,Região Metropolitana,Média,12,31,Em Andamento
2417,2025-08-04 11:32:05,Aug,11,Salvamento Aquático,Zona Sul,Média,14,7,Concluído
2418,2025-12-12 11:32:05,Dec,11,Incêndio Florestal,Zona Oeste,Média,27,32,Concluído
2419,2025-06-20 11:32:05,Jun,11,Acidente Veicular,Centro,Alta,11,32,Concluído
2420,2025-07-21 11:32:05,Jul,11,APH - Mal Súbito,Zona Norte,Baixa,32,66,Concluído
2421,2025-05-06 11:32:05,May,11,Acidente Veicular,Zona Sul,Alta,9,31,Concluído
2422,2025-01-02 11:32:05,Jan,11,Incêndio Florestal,Zona Oeste,Baixa,31,19,Concluído
2423,2025-11-06 11:32:05,Nov,11,Resgate em Altura,Zona Oeste,Baixa,21,38,Concluído
2424,2025-09-24 11:32:05,Sep,11,Incêndio em Edifício,Zona Norte,Alta,12,63,Concluído
2425,2025-07-02 11:32:05,Jul,11,Resgate em Altura,Zona Norte,Média,11,10,Concluído
2426,2025-01-18 11:32:05,Jan,11,Salvamento Aquático,Centro,Média,27,24,Em Andamento
2427,2025-09-11 11:32:05,Sep,11,Acidente Veicular,Zona Oeste,Média,27,31,Concluído
2428,2025-12-13 11:32:05,Dec,11,Acidente Veicular,Zona Norte,Alta,12,57,Concluído
2429,2025-03-30 11:32:05,Mar,11,Incêndio em Edifício,Zona Sul,Média,30,28,Concluído
2430,2025-04-30 11:32:05,Apr,11,Incêndio em Edifício,Centro,Média,30,10,Concluído
2431,2024-12-19 11:32:05,Dec,11,Resgate em Altura,Região Metropolitana,Baixa,31,45,Concluído
2432,2025-01-11 11:32:05,Jan,11,Incêndio em Edifício,Zona Oeste,Baixa,9,32,Concluído
2433,2025-06-21 11:32:05,Jun,11,Incêndio Florestal,Zona Norte,Média,17,27,Concluído
2434,2025-12-08 11:32:05,Dec,11,Incêndio Florestal,Zona Oeste,Baixa,19,45,Concluído
2435,2025-02-14 11:32:05,Feb,11,Resgate em Altura,Zona Sul,Média,14,42,Concluído
2436,2025-11-22 11:32:05,Nov,11,APH - Mal Súbito,Zona Oeste,Baixa,38,57,Concluído
2437,2025-05-14 11:32:05,May,11,Acidente Veicular,Zona Oeste,Alta,10,38,Em Andamento
2438,2025-08-20 11:32:05,Aug,11,Resgate em Altura,Zona Norte,Baixa,39,20,Concluído
2439,2025-09-21 11:32:05,Sep,11,Vazamento de Gás,Região Metropolitana,Média,1,22,Concluído
2440,2025-07-26 11:32:05,Jul,11,Resgate em Altura,Zona Oeste,Baixa,18,30,Concluído
2441,2025-10-12 11:32:05,Oct,11,Acidente Veicular,Zona Oeste,Alta,8,36,Concluído
2442,2025-02-28 11:32:05,Feb,11,Acidente Veicular,Região Metropolitana,Baixa,24,42,Concluído
2443,2025-12-13 11:32:05,Dec,11,Acidente Veicular,Zona Oeste,Alta,11,36,Concluído
2444,2025-08-18 11:32:05,Aug,11,Incêndio em Edifício,Zona Norte,Baixa,57,18,Concluído
2445,2025-03-24 11:32:05,Mar,11,Vazamento de Gás,Região Metropolitana,Baixa,33,44,Concluído
2446,2025-06-17 11:32:05,Jun,11,Vazamento de Gás,Centro,Média,41,24,Concluído
2447,2025-04-16 11:32:05,Apr,11,Vazamento de Gás,Zona Oeste,Baixa,19,41,Concluído
2448,2025-06-30 11:32:05,Jun,11,Incêndio Florestal,Zona Norte,Média,31,43,Concluído
2449,2025-08-16 11:32:05,Aug,11,Incêndio em Edifício,Zona Sul,Alta,7,53,Concluído
2450,2025-04-08 11:32:05,Apr,11,Salvamento Aquático,Centro,Baixa,26,23,Concluído
2451,2025-11-28 11:32:05,Nov,11,Incêndio Florestal,Zona Oeste,Baixa,20,39,Concluído
2452,2025-05-06 11:32:05,May,11,Resgate em Altura,Zona Sul,Baixa,21,31,Em Andamento
2453,2025-11-10 11:32:05,Nov,11,Vazamento de Gás,Zona Oeste,Média,28,48,Cancelado
2454,2025-06-19 11:32:05,Jun,11,Acidente Veicular,Zona Norte,Alta,10,23,Concluído
2455,2025-04-11 11:32:05,Apr,11,Resgate em Altura,Zona Norte,Baixa,16,27,Concluído
2456,2025-01-15 11:32:05,Jan,11,Incêndio em Edifício,Zona Oeste,Média,25,17,Concluído
2457,2025-04-16 11:32:05,Apr,11,Vazamento de Gás,Zona Norte,Média,33,31,Concluído
2458,2024-12-31 11:32:05,Dec,11,Acidente Veicular,Zona Oeste,Baixa,34,22,Concluído
2459,2025-08-08 11:32:05,Aug,11,Incêndio Florestal,Centro,Baixa,41,23,Concluído
2460,2025-03-31 11:32:05,Mar,11,Incêndio em Edifício,Zona Oeste,Média,28,52,Concluído
2461,2025-05-22 11:32:05,May,11,Resgate em Altura,Centro,Baixa,22,47,Concluído
2462,2025-05-10 11:32:05,May,11,Incêndio em Edifício,Centro,Média,3,45,Concluído
2463,2025-12-08 11:32:05,Dec,11,Incêndio Florestal,Zona Norte,Baixa,25,50,Concluído
2464,2024-12-30 11:32:05,Dec,11,Incêndio Florestal,Zona Norte,Média,28,15,Concluído
2465,2025-01-14 11:32:05,Jan,11,APH - Mal Súbito,Região Metropolitana,Média,31,61,Concluído
2466,2025-10-31 11:32:05,Oct,11,Incêndio Florestal,Centro,Baixa,20,48,Concluído
2467,2025-04-25 11:32:05,Apr,11,APH - Mal Súbito,Zona Oeste,Alta,8,73,Concluído
2468,2025-07-30 11:32:05,Jul,11,Acidente Veicular,Zona Sul,Baixa,35,26,Concluído
2469,2025-11-28 11:32:05,Nov,11,Incêndio Florestal,Centro,Média,26,24,Concluído
2470,2025-12-06 11:32:05,Dec,11,Salvamento Aquático,Zona Oeste,Média,18,40,Concluído
2471,2025-08-16 11:32:05,Aug,11,Incêndio em Edifício,Zona Sul,Alta,11,20,Concluído
2472,2025-08-07 11:32:05,Aug,11,APH - Mal Súbito,Zona Norte,Média,8,66,Em Andamento
2473,2025-01-11 11:32:05,Jan,11,Incêndio em Edifício,Zona Norte,Média,18,37,Concluído
2474,2025-12-07 11:32:05,Dec,11,Resgate em Altura,Zona Oeste,Baixa,4,34,Concluído
2475,2025-09-26 11:32:05,Sep,11,Resgate em Altura,Zona Sul,Média,31,20,Concluído
2476,2025-10-30 11:32:05,Oct,11,Incêndio Florestal,Centro,Média,14,32,Concluído
2477,2025-09-22 11:32:05,Sep,11,Incêndio em Edifício,Zona Sul,Alta,10,34,Cancelado
2478,2025-07-30 11:32:05,Jul,11,Incêndio em Edifício,Zona Norte,Alta,12,23,Concluído
2479,2025-05-19 11:32:05,May,11,Resgate em Altura,Zona Norte,Baixa,18,29,Concluído
2480,2025-04-05 11:32:05,Apr,11,Incêndio em Edifício,Zona Sul,Média,42,54,Concluído
2481,2025-07-14 11:32:05,Jul,11,Incêndio em Edifício,Região Metropolitana,Média,18,57,Concluído
2482,2025-11-23 11:32:05,Nov,11,Vazamento de Gás,Zona Oeste,Baixa,39,14,Em Andamento
2483,2025-02-04 11:32:05,Feb,11,APH - Mal Súbito,Zona Sul,Alta,9,39,Em Andamento
2484,2025-04-10 11:32:05,Apr,11,Vazamento de Gás,Zona Sul,Média,14,38,Cancelado
2485,2025-07-14 11:32:05,Jul,11,APH - Mal Súbito,Região Metropolitana,Baixa,3,45,Concluído
2486,2025-01-21 11:32:05,Jan,11,Salvamento Aquático,Zona Oeste,Baixa,27,35,Concluído
2487,2025-08-30 11:32:05,Aug,11,Incêndio Florestal,Zona Oeste,Baixa,9,29,Concluído
2488,2025-04-23 11:32:05,Apr,11,Salvamento Aquático,Região Metropolitana,Média,31,51,Concluído
2489,2025-09-03 11:32:05,Sep,11,APH - Mal Súbito,Região Metropolitana,Média,25,66,Concluído
2490,2025-11-08 11:32:05,Nov,11,Resgate em Altura,Centro,Baixa,27,28,Concluído
2491,2025-03-01 11:32:05,Mar,11,Vazamento de Gás,Zona Sul,Alta,10,57,Concluído
2492,2025-02-16 11:32:05,Feb,11,Incêndio Florestal,Zona Oeste,Alta,7,44,Concluído
2493,2025-10-02 11:32:05,Oct,11,Vazamento de Gás,Zona Oeste,Média,21,45,Concluído
2494,2025-03-11 11:32:05,Mar,11,Incêndio em Edifício,Zona Norte,Alta,9,40,Concluído
2495,2025-03-24 11:32:05,Mar,11,Salvamento Aquático,Zona Norte,Baixa,29,18,Concluído
2496,2025-07-25 11:32:05,Jul,11,Acidente Veicular,Zona Norte,Alta,11,43,Concluído
2497,2025-07-20 11:32:05,Jul,11,Resgate em Altura,Zona Oeste,Média,17,45,Concluído
2498,2025-05-19 11:32:05,May,11,Salvamento Aquático,Zona Norte,Baixa,16,42,Concluído
2499,2025-05-19 11:32:05,May,11,APH - Mal Súbito,Centro,Baixa,18,72,Concluído
2500,2025-02-24 11:32:05,Feb,11,APH - Mal Súbito,Zona Sul,Média,12,37,Concluído
2501,2025-09-30 11:32:05,Sep,11,Vazamento de Gás,Zona Oeste,Baixa,38,40,Concluído
2502,2025-07-04 11:32:05,Jul,11,Resgate em Altura,Zona Norte,Média,9,40,Concluído
2503,2025-06-15 11:32:05,Jun,11,Vazamento de Gás,Zona Sul,Baixa,26,24,Concluído
2504,2025-06-05 11:32:05,Jun,11,Salvamento Aquático,Região Metropolitana,Baixa,34,39,Concluído
2505,2024-12-17 11:32:05,Dec,11,Resgate em Altura,Centro,Média,14,17,Cancelado
2506,2025-05-09 11:32:05,May,11,Resgate em Altura,Região Metropolitana,Baixa,16,29,Concluído
2507,2025-10-20 11:32:05,Oct,11,Salvamento Aquático,Zona Sul,Baixa,29,3,Concluído
2508,2025-06-02 11:32:05,Jun,11,Vazamento de Gás,Zona Oeste,Baixa,11,53,Concluído
2509,2025-02-25 11:32:05,Feb,11,Vazamento de Gás,Centro,Baixa,27,36,Concluído
2510,2025-03-24 11:32:05,Mar,11,Salvamento Aquático,Zona Oeste,Baixa,31,10,Concluído
2511,2025-09-01 11:32:05,Sep,11,Salvamento Aquático,Zona Norte,Média,28,23,Concluído
2512,2025-06-06 11:32:05,Jun,11,Resgate em Altura,Zona Norte,Baixa,17,26,Concluído
2513,2025-01-17 11:32:05,Jan,11,APH - Mal Súbito,Zona Sul,Baixa,27,58,Concluído
2514,2025-03-13 11:32:05,Mar,11,Acidente Veicular,Região Metropolitana,Média,24,45,Concluído
2515,2025-09-27 11:32:05,Sep,11,Incêndio em Edifício,Centro,Alta,7,43,Concluído
2516,2025-07-29 11:32:05,Jul,11,Vazamento de Gás,Centro,Baixa,36,25,Concluído
2517,2025-04-16 11:32:05,Apr,11,Acidente Veicular,Zona Norte,Alta,9,30,Concluído
2518,2025-09-23 11:32:05,Sep,11,Vazamento de Gás,Centro,Média,33,7,Concluído
2519,2025-07-26 11:32:05,Jul,11,Incêndio Florestal,Centro,Média,29,36,Em Andamento
2520,2025-03-25 11:32:05,Mar,11,Resgate em Altura,Zona Sul,Baixa,31,45,Em Andamento
2521,2025-05-11 11:32:05,May,11,Resgate em Altura,Zona Norte,Média,28,39,Concluído
2522,2025-03-28 11:32:05,Mar,11,Incêndio em Edifício,Zona Norte,Alta,7,25,Em Andamento
2523,2025-03-14 11:32:05,Mar,11,Resgate em Altura,Zona Oeste,Média,20,29,Concluído
2524,2025-05-04 11:32:05,May,11,Vazamento de Gás,Região Metropolitana,Baixa,27,27,Concluído
2525,2025-01-20 11:32:05,Jan,11,Acidente Veicular,Centro,Alta,13,36,Concluído
2526,2025-09-16 11:32:05,Sep,11,Incêndio em Edifício,Zona Oeste,Média,42,35,Concluído
2527,2025-05-30 11:32:05,May,11,Vazamento de Gás,Zona Sul,Média,40,42,Concluído
2528,2025-06-25 11:32:05,Jun,11,Resgate em Altura,Zona Norte,Baixa,21,4,Concluído
2529,2025-11-11 11:32:05,Nov,11,Resgate em Altura,Zona Norte,Baixa,17,26,Concluído
2530,2025-03-07 11:32:05,Mar,11,Incêndio em Edifício,Zona Sul,Alta,10,1,Em Andamento
2531,2025-09-30 11:32:05,Sep,11,APH - Mal Súbito,Região Metropolitana,Média,31,77,Concluído
2532,2025-02-06 11:32:05,Feb,11,Incêndio em Edifício,Zona Sul,Alta,10,38,Concluído
2533,2024-12-26 11:32:05,Dec,11,APH - Mal Súbito,Zona Norte,Alta,12,68,Concluído
2534,2025-01-10 11:32:05,Jan,11,Incêndio Florestal,Zona Oeste,Média,12,54,Concluído
2535,2025-11-16 11:32:05,Nov,11,APH - Mal Súbito,Zona Oeste,Alta,7,46,Em Andamento
2536,2024-12-25 11:32:05,Dec,11,Acidente Veicular,Zona Sul,Média,13,19,Em Andamento
2537,2025-05-28 11:32:05,May,11,Resgate em Altura,Zona Sul,Baixa,20,65,Concluído
2538,2025-10-14 11:32:05,Oct,11,APH - Mal Súbito,Zona Sul,Média,9,82,Concluído
2539,2025-11-06 11:32:05,Nov,11,Salvamento Aquático,Zona Norte,Alta,10,41,Concluído
2540,2025-04-17 11:32:05,Apr,11,APH - Mal Súbito,Zona Norte,Média,4,45,Concluído
2541,2025-11-27 11:32:05,Nov,11,Incêndio Florestal,Região Metropolitana,Baixa,27,29,Concluído
2542,2025-06-05 11:32:05,Jun,11,Incêndio Florestal,Região Metropolitana,Baixa,15,30,Concluído
2543,2025-04-26 11:32:05,Apr,11,Vazamento de Gás,Zona Norte,Média,38,22,Concluído
2544,2025-02-06 11:32:05,Feb,11,Incêndio Florestal,Zona Norte,Baixa,5,33,Concluído
2545,2025-07-31 11:32:05,Jul,11,Acidente Veicular,Zona Norte,Média,30,36,Concluído
2546,2025-09-30 11:32:05,Sep,11,Salvamento Aquático,Zona Norte,Baixa,18,28,Concluído
2547,2025-07-12 11:32:05,Jul,11,Incêndio Florestal,Região Metropolitana,Baixa,18,71,Concluído
2548,2025-06-05 11:32:05,Jun,11,Incêndio Florestal,Zona Norte,Baixa,22,52,Concluído
2549,2025-11-09 11:32:05,Nov,11,Resgate em Altura,Zona Sul,Baixa,31,16,Concluído
2550,2025-09-17 11:32:05,Sep,11,Resgate em Altura,Zona Norte,Baixa,17,52,Cancelado
2551,2025-06-18 11:32:05,Jun,11,Acidente Veicular,Região Metropolitana,Alta,11,22,Concluído
2552,2025-06-07 11:32:05,Jun,11,Acidente Veicular,Zona Norte,Média,19,23,Concluído
2553,2025-02-21 11:32:05,Feb,11,Salvamento Aquático,Região Metropolitana,Baixa,27,38,Concluído
2554,2025-10-03 11:32:05,Oct,11,Incêndio em Edifício,Zona Sul,Alta,9,36,Concluído
2555,2025-08-03 11:32:05,Aug,11,Vazamento de Gás,Região Metropolitana,Média,33,51,Concluído
2556,2025-08-12 11:32:05,Aug,11,Vazamento de Gás,Zona Norte,Média,21,27,Concluído
2557,2025-09-24 11:32:05,Sep,11,Incêndio Florestal,Centro,Baixa,11,53,Concluído
2558,2025-01-05 11:32:05,Jan,11,Vazamento de Gás,Centro,Baixa,25,32,Concluído
2559,2025-02-07 11:32:05,Feb,11,Acidente Veicular,Região Metropolitana,Média,23,34,Concluído
2560,2025-03-06 11:32:05,Mar,11,Incêndio em Edifício,Região Metropolitana,Alta,11,28,Concluído
2561,2025-04-11 11:32:05,Apr,11,Resgate em Altura,Região Metropolitana,Média,29,9,Concluído
2562,2025-09-08 11:32:05,Sep,11,Vazamento de Gás,Zona Sul,Alta,15,46,Concluído
2563,2025-09-20 11:32:05,Sep,11,Resgate em Altura,Região Metropolitana,Baixa,24,34,Concluído
2564,2025-01-04 11:32:05,Jan,11,APH - Mal Súbito,Centro,Média,16,57,Concluído
2565,2024-12-27 11:32:05,Dec,11,Incêndio em Edifício,Zona Sul,Alta,11,50,Concluído
2566,2025-02-20 11:32:05,Feb,11,Incêndio Florestal,Zona Oeste,Média,30,8,Concluído
2567,2025-07-19 11:32:05,Jul,11,Resgate em Altura,Zona Sul,Média,30,49,Em Andamento
2568,2025-06-06 11:32:05,Jun,11,APH - Mal Súbito,Região Metropolitana,Média,6,48,Concluído
2569,2025-07-07 11:32:05,Jul,11,Vazamento de Gás,Região Metropolitana,Média,26,35,Concluído
2570,2025-03-17 11:32:05,Mar,11,Incêndio Florestal,Zona Sul,Baixa,13,45,Concluído
2571,2025-06-24 11:32:05,Jun,11,Resgate em Altura,Zona Sul,Média,26,54,Em Andamento
2572,2025-11-18 11:32:05,Nov,11,Acidente Veicular,Centro,Alta,6,44,Concluído
2573,2025-07-08 11:32:05,Jul,11,Incêndio em Edifício,Região Metropolitana,Alta,8,58,Concluído
2574,2025-07-07 11:32:05,Jul,11,Resgate em Altura,Zona Norte,Baixa,32,30,Em Andamento
2575,2025-03-19 11:32:05,Mar,11,Acidente Veicular,Centro,Alta,8,37,Concluído
2576,2025-10-16 11:32:05,Oct,11,Salvamento Aquático,Zona Sul,Baixa,34,38,Concluído
2577,2025-02-23 11:32:05,Feb,11,Salvamento Aquático,Zona Oeste,Baixa,3,34,Concluído
2578,2025-07-02 11:32:05,Jul,11,Acidente Veicular,Região Metropolitana,Média,13,38,Concluído
2579,2025-02-12 11:32:05,Feb,11,APH - Mal Súbito,Centro,Baixa,24,59,Concluído
2580,2025-04-01 11:32:05,Apr,11,Vazamento de Gás,Zona Norte,Baixa,12,28,Cancelado
2581,2025-04-29 11:32:05,Apr,11,APH - Mal Súbito,Região Metropolitana,Média,14,74,Em Andamento
2582,2025-07-08 11:32:05,Jul,11,Acidente Veicular,Zona Norte,Baixa,44,12,Concluído
2583,2025-04-28 11:32:05,Apr,11,Incêndio Florestal,Zona Sul,Baixa,33,29,Concluído
2584,2025-09-13 11:32:05,Sep,11,Incêndio Florestal,Centro,Média,24,28,Concluído
2585,2025-04-28 11:32:05,Apr,11,APH - Mal Súbito,Região Metropolitana,Baixa,36,52,Concluído
2586,2025-05-20 11:32:05,May,11,Vazamento de Gás,Zona Norte,Baixa,13,31,Concluído
2587,2025-02-01 11:32:05,Feb,11,APH - Mal Súbito,Centro,Baixa,28,79,Concluído
2588,2025-11-15 11:32:05,Nov,11,Incêndio Florestal,Zona Norte,Baixa,31,48,Concluído
2589,2025-09-29 11:32:05,Sep,11,Resgate em Altura,Centro,Baixa,33,31,Concluído
2590,2025-02-10 11:32:05,Feb,11,Incêndio Florestal,Zona Oeste,Baixa,17,12,Concluído
2591,2025-05-30 11:32:05,May,11,Acidente Veicular,Zona Oeste,Alta,9,44,Em Andamento
2592,2025-01-13 11:32:05,Jan,11,Salvamento Aquático,Região Metropolitana,Baixa,29,42,Cancelado
2593,2025-09-27 11:32:05,Sep,11,Incêndio em Edifício,Zona Oeste,Alta,11,17,Concluído
2594,2025-11-02 11:32:05,Nov,11,Salvamento Aquático,Zona Oeste,Média,19,49,Concluído
2595,2025-02-20 11:32:05,Feb,11,Incêndio Florestal,Zona Oeste,Baixa,42,31,Concluído
2596,2025-09-26 11:32:05,Sep,11,Acidente Veicular,Zona Norte,Média,25,28,Em Andamento
2597,2025-01-01 11:32:05,Jan,11,APH - Mal Súbito,Centro,Média,18,65,Concluído
2598,2025-11-14 11:32:05,Nov,11,Incêndio Florestal,Região Metropolitana,Alta,12,38,Concluído
2599,2025-05-27 11:32:05,May,11,Resgate em Altura,Região Metropolitana,Baixa,8,48,Concluído
2600,2025-03-06 11:32:05,Mar,11,Resgate em Altura,Zona Oeste,Baixa,32,50,Concluído
2601,2024-12-30 11:32:05,Dec,11,Incêndio em Edifício,Centro,Média,1,31,Concluído
2602,2025-03-09 11:32:05,Mar,11,Vazamento de Gás,Zona Norte,Baixa,7,56,Concluído
2603,2025-02-08 11:32:05,Feb,11,Acidente Veicular,Região Metropolitana,Alta,7,18,Concluído
2604,2025-06-08 11:32:05,Jun,11,Incêndio Florestal,Centro,Média,29,34,Concluído
2605,2025-10-31 11:32:05,Oct,11,Incêndio em Edifício,Centro,Alta,7,30,Concluído
2606,2025-07-07 11:32:05,Jul,11,APH - Mal Súbito,Zona Sul,Baixa,29,31,Concluído
2607,2025-08-03 11:32:05,Aug,11,Incêndio em Edifício,Zona Norte,Média,34,26,Concluído
2608,2025-08-28 11:32:05,Aug,11,Salvamento Aquático,Região Metropolitana,Média,8,17,Concluído
2609,2025-10-17 11:32:05,Oct,11,Incêndio em Edifício,Centro,Média,1,28,Concluído
2610,2025-01-21 11:32:05,Jan,11,Vazamento de Gás,Zona Norte,Baixa,56,50,Em Andamento
2611,2025-10-14 11:32:05,Oct,11,Acidente Veicular,Região Metropolitana,Alta,8,25,Concluído
2612,2025-10-17 11:32:05,Oct,11,Acidente Veicular,Zona Oeste,Média,12,46,Em Andamento
2613,2025-06-03 11:32:05,Jun,11,Resgate em Altura,Zona Sul,Baixa,18,28,Concluído
2614,2025-03-11 11:32:05,Mar,11,Resgate em Altura,Zona Norte,Baixa,18,37,Concluído
2615,2025-06-17 11:32:05,Jun,11,Resgate em Altura,Zona Oeste,Média,29,26,Concluído
2616,2025-10-18 11:32:05,Oct,11,Vazamento de Gás,Zona Oeste,Alta,7,36,Em Andamento
2617,2025-10-05 11:32:05,Oct,11,Incêndio Florestal,Centro,Alta,12,25,Concluído
2618,2025-05-20 11:32:05,May,11,Incêndio Florestal,Centro,Baixa,29,69,Concluído
2619,2025-09-24 11:32:05,Sep,11,APH - Mal Súbito,Região Metropolitana,Baixa,35,65,Concluído
2620,2025-11-23 11:32:05,Nov,11,Incêndio em Edifício,Zona Norte,Alta,13,43,Concluído
2621,2025-03-16 11:32:05,Mar,11,Salvamento Aquático,Zona Norte,Baixa,17,71,Em Andamento
2622,2025-01-09 11:32:05,Jan,11,Acidente Veicular,Região Metropolitana,Alta,9,27,Concluído
2623,2025-05-28 11:32:05,May,11,Salvamento Aquático,Zona Oeste,Baixa,25,40,Concluído
2624,2025-07-21 11:32:05,Jul,11,Incêndio em Edifício,Zona Sul,Média,31,55,Em Andamento
2625,2025-04-25 11:32:05,Apr,11,Acidente Veicular,Região Metropolitana,Alta,6,34,Concluído
2626,2025-03-09 11:32:05,Mar,11,APH - Mal Súbito,Região Metropolitana,Baixa,38,69,Concluído
2627,2025-08-09 11:32:05,Aug,11,Acidente Veicular,Zona Oeste,Alta,8,47,Concluído
2628,2025-08-18 11:32:05,Aug,11,Vazamento de Gás,Região Metropolitana,Baixa,19,34,Concluído
2629,2025-01-10 11:32:05,Jan,11,Vazamento de Gás,Região Metropolitana,Baixa,13,44,Concluído
2630,2025-02-18 11:32:05,Feb,11,APH - Mal Súbito,Zona Oeste,Baixa,20,57,Concluído
2631,2025-10-17 11:32:05,Oct,11,Incêndio em Edifício,Centro,Média,38,58,Concluído
2632,2025-09-12 11:32:05,Sep,11,Incêndio Florestal,Zona Norte,Média,41,33,Em Andamento
2633,2025-10-09 11:32:05,Oct,11,Salvamento Aquático,Zona Sul,Média,24,4,Concluído
2634,2025-11-13 11:32:05,Nov,11,Vazamento de Gás,Região Metropolitana,Baixa,19,31,Concluído
2635,2025-09-28 11:32:05,Sep,11,Incêndio Florestal,Centro,Baixa,36,15,Concluído
2636,2025-09-20 11:32:05,Sep,11,Resgate em Altura,Zona Sul,Baixa,20,17,Concluído
2637,2025-11-27 11:32:05,Nov,11,APH - Mal Súbito,Centro,Baixa,41,33,Cancelado
2638,2025-01-04 11:32:05,Jan,11,Incêndio Florestal,Região Metropolitana,Média,39,8,Concluído
2639,2025-03-31 11:32:05,Mar,11,Resgate em Altura,Zona Oeste,Baixa,24,46,Concluído
2640,2025-07-04 11:32:05,Jul,11,Incêndio em Edifício,Zona Norte,Alta,9,66,Concluído
2641,2025-05-16 11:32:05,May,11,Resgate em Altura,Zona Sul,Baixa,27,44,Concluído
2642,2025-03-26 11:32:05,Mar,11,Resgate em Altura,Zona Norte,Média,16,54,Concluído
2643,2025-04-21 11:32:05,Apr,11,Vazamento de Gás,Zona Norte,Média,29,18,Concluído
2644,2025-12-09 11:32:05,Dec,11,Resgate em Altura,Região Metropolitana,Baixa,13,21,Concluído
2645,2025-06-11 11:32:05,Jun,11,Salvamento Aquático,Zona Sul,Baixa,20,55,Concluído
2646,2025-03-11 11:32:05,Mar,11,Incêndio em Edifício,Zona Sul,Média,32,23,Concluído
2647,2024-12-25 11:32:05,Dec,11,Acidente Veicular,Região Metropolitana,Alta,12,19,Concluído
2648,2025-03-17 11:32:05,Mar,11,Vazamento de Gás,Região Metropolitana,Alta,10,11,Concluído
2649,2025-01-12 11:32:05,Jan,11,APH - Mal Súbito,Centro,Média,34,72,Em Andamento
2650,2025-02-21 11:32:05,Feb,11,Resgate em Altura,Zona Sul,Média,9,49,Em Andamento
2651,2025-11-13 11:32:05,Nov,11,Incêndio em Edifício,Centro,Baixa,26,19,Concluído
2652,2024-12-16 11:32:05,Dec,11,Resgate em Altura,Zona Norte,Alta,9,26,Concluído
2653,2025-04-10 11:32:05,Apr,11,Salvamento Aquático,Zona Oeste,Baixa,34,55,Concluído
2654,2025-02-16 11:32:05,Feb,11,Vazamento de Gás,Zona Sul,Baixa,25,37,Em Andamento
2655,2025-04-18 11:32:05,Apr,11,Incêndio Florestal,Centro,Média,13,44,Concluído
2656,2025-05-03 11:32:05,May,11,APH - Mal Súbito,Zona Sul,Média,22,95,Concluído
2657,2025-09-15 11:32:05,Sep,11,APH - Mal Súbito,Região Metropolitana,Alta,8,93,Concluído
2658,2024-12-16 11:32:05,Dec,11,Resgate em Altura,Zona Oeste,Alta,6,27,Concluído
2659,2025-03-20 11:32:05,Mar,11,Vazamento de Gás,Zona Norte,Baixa,27,41,Concluído
2660,2025-09-13 11:32:05,Sep,11,Acidente Veicular,Zona Sul,Média,17,52,Concluído
2661,2025-01-03 11:32:05,Jan,11,Acidente Veicular,Zona Oeste,Alta,11,34,Em Andamento
2662,2025-07-04 11:32:05,Jul,11,Vazamento de Gás,Zona Oeste,Baixa,25,44,Concluído
2663,2025-09-15 11:32:05,Sep,11,Acidente Veicular,Região Metropolitana,Alta,14,41,Concluído
2664,2024-12-19 11:32:05,Dec,11,Acidente Veicular,Zona Sul,Alta,13,34,Concluído
2665,2025-03-05 11:32:05,Mar,11,Incêndio Florestal,Zona Norte,Alta,11,30,Cancelado
2666,2025-07-03 11:32:05,Jul,11,Vazamento de Gás,Zona Norte,Baixa,26,46,Concluído
2667,2025-03-02 11:32:05,Mar,11,Salvamento Aquático,Zona Norte,Média,39,36,Em Andamento
2668,2025-02-25 11:32:05,Feb,11,Resgate em Altura,Zona Norte,Baixa,13,34,Concluído
2669,2025-01-10 11:32:05,Jan,11,Salvamento Aquático,Zona Oeste,Média,29,35,Cancelado
2670,2025-02-07 11:32:05,Feb,11,Incêndio Florestal,Centro,Média,46,43,Concluído
2671,2025-05-27 11:32:05,May,11,Vazamento de Gás,Zona Oeste,Baixa,27,53,Concluído
2672,2025-03-19 11:32:05,Mar,11,APH - Mal Súbito,Região Metropolitana,Baixa,45,58,Concluído
2673,2025-02-09 11:32:05,Feb,11,Resgate em Altura,Região Metropolitana,Baixa,29,31,Concluído
2674,2025-04-28 11:32:05,Apr,11,APH - Mal Súbito,Zona Sul,Média,41,70,Concluído
2675,2025-12-02 11:32:05,Dec,11,Vazamento de Gás,Zona Norte,Baixa,20,48,Concluído
2676,2025-08-11 11:32:05,Aug,11,Vazamento de Gás,Zona Norte,Média,38,22,Concluído
2677,2025-08-02 11:32:05,Aug,11,Resgate em Altura,Região Metropolitana,Baixa,26,46,Concluído
2678,2025-06-08 11:32:05,Jun,11,Incêndio Florestal,Zona Sul,Baixa,19,35,Cancelado
2679,2024-12-22 11:32:05,Dec,11,Incêndio em Edifício,Zona Oeste,Alta,9,27,Concluído
2680,2025-08-23 11:32:05,Aug,11,Acidente Veicular,Região Metropolitana,Alta,10,42,Concluído
2681,2025-08-21 11:32:05,Aug,11,Vazamento de Gás,Zona Sul,Baixa,32,34,Concluído
2682,2025-04-05 11:32:05,Apr,11,Incêndio Florestal,Zona Norte,Média,12,54,Em Andamento
2683,2025-02-18 11:32:05,Feb,11,Vazamento de Gás,Zona Sul,Média,28,35,Concluído
2684,2025-07-10 11:32:05,Jul,11,Salvamento Aquático,Região Metropolitana,Média,19,29,Em Andamento
2685,2025-02-08 11:32:05,Feb,11,Resgate em Altura,Zona Oeste,Baixa,44,18,Cancelado
2686,2025-04-06 11:32:05,Apr,11,Salvamento Aquático,Zona Norte,Média,33,28,Concluído
2687,2025-05-07 11:32:05,May,11,Incêndio em Edifício,Região Metropolitana,Baixa,6,13,Concluído
2688,2025-08-21 11:32:05,Aug,11,Incêndio em Edifício,Região Metropolitana,Média,6,43,Concluído
2689,2025-06-28 11:32:05,Jun,11,Salvamento Aquático,Zona Sul,Média,20,15,Em Andamento
2690,2025-07-27 11:32:05,Jul,11,Resgate em Altura,Zona Oeste,Baixa,17,8,Concluído
2691,2025-03-14 11:32:05,Mar,11,Acidente Veicular,Centro,Alta,10,23,Concluído
2692,2025-03-23 11:32:05,Mar,11,Vazamento de Gás,Zona Oeste,Média,20,40,Concluído
2693,2025-04-13 11:32:05,Apr,11,Acidente Veicular,Zona Norte,Média,20,38,Concluído
2694,2025-03-13 11:32:05,Mar,11,Resgate em Altura,Região Metropolitana,Média,15,36,Concluído
2695,2025-05-26 11:32:05,May,11,Acidente Veicular,Região Metropolitana,Alta,8,20,Concluído
2696,2025-03-25 11:32:05,Mar,11,APH - Mal Súbito,Zona Sul,Média,15,76,Em Andamento
2697,2025-10-16 11:32:05,Oct,11,APH - Mal Súbito,Zona Sul,Baixa,19,91,Concluído
2698,2025-11-16 11:32:05,Nov,11,Incêndio Florestal,Zona Sul,Baixa,32,12,Concluído
2699,2025-01-06 11:32:05,Jan,11,Acidente Veicular,Centro,Média,22,26,Concluído
2700,2025-06-11 11:32:05,Jun,11,Resgate em Altura,Centro,Média,15,38,Concluído
2701,2025-05-31 11:32:05,May,11,Incêndio Florestal,Zona Sul,Média,27,21,Concluído
2702,2025-01-04 11:32:05,Jan,11,Salvamento Aquático,Zona Norte,Média,18,26,Concluído
2703,2025-10-26 11:32:05,Oct,11,APH - Mal Súbito,Zona Norte,Média,38,65,Concluído
2704,2025-08-30 11:32:05,Aug,11,Vazamento de Gás,Centro,Média,33,15,Em Andamento
2705,2025-02-01 11:32:05,Feb,11,Resgate em Altura,Região Metropolitana,Média,37,18,Concluído
2706,2025-02-02 11:32:05,Feb,11,Acidente Veicular,Centro,Alta,11,20,Concluído
2707,2025-08-24 11:32:05,Aug,11,Salvamento Aquático,Zona Norte,Baixa,8,45,Concluído
2708,2025-06-12 11:32:05,Jun,11,Acidente Veicular,Região Metropolitana,Alta,8,20,Concluído
2709,2025-03-04 11:32:05,Mar,11,APH - Mal Súbito,Zona Norte,Média,40,52,Concluído
2710,2025-05-08 11:32:05,May,11,APH - Mal Súbito,Zona Oeste,Alta,5,40,Concluído
2711,2025-03-17 11:32:05,Mar,11,Vazamento de Gás,Região Metropolitana,Baixa,15,28,Concluído
2712,2025-08-12 11:32:05,Aug,11,APH - Mal Súbito,Região Metropolitana,Baixa,37,96,Concluído
2713,2025-10-27 11:32:05,Oct,11,Acidente Veicular,Região Metropolitana,Alta,11,35,Concluído
2714,2025-06-28 11:32:05,Jun,11,APH - Mal Súbito,Zona Norte,Baixa,25,71,Concluído
2715,2025-01-06 11:32:05,Jan,11,Acidente Veicular,Zona Sul,Alta,13,32,Concluído
2716,2025-04-30 11:32:05,Apr,11,Resgate em Altura,Centro,Média,16,37,Concluído
2717,2025-01-18 11:32:05,Jan,11,Incêndio em Edifício,Zona Norte,Alta,12,34,Concluído
2718,2025-04-23 11:32:05,Apr,11,APH - Mal Súbito,Região Metropolitana,Média,11,68,Concluído
2719,2025-08-30 11:32:05,Aug,11,Resgate em Altura,Zona Norte,Média,3,30,Concluído
2720,2025-06-04 11:32:05,Jun,11,Incêndio Florestal,Região Metropolitana,Média,17,32,Cancelado
2721,2025-05-09 11:32:05,May,11,Acidente Veicular,Centro,Alta,12,55,Concluído
2722,2025-08-17 11:32:05,Aug,11,APH - Mal Súbito,Zona Sul,Baixa,28,51,Cancelado
2723,2025-02-21 11:32:05,Feb,11,Salvamento Aquático,Zona Oeste,Média,24,30,Concluído
2724,2025-09-29 11:32:05,Sep,11,Salvamento Aquático,Zona Norte,Média,19,38,Concluído
2725,2025-06-01 11:32:05,Jun,11,APH - Mal Súbito,Zona Norte,Média,2,42,Cancelado
2726,2025-08-14 11:32:05,Aug,11,APH - Mal Súbito,Zona Oeste,Alta,8,62,Concluído
2727,2025-11-28 11:32:05,Nov,11,Incêndio em Edifício,Zona Norte,Alta,9,29,Concluído
2728,2025-09-12 11:32:05,Sep,11,APH - Mal Súbito,Região Metropolitana,Baixa,23,80,Cancelado
2729,2025-03-31 11:32:05,Mar,11,APH - Mal Súbito,Zona Sul,Média,15,82,Concluído
2730,2025-08-29 11:32:05,Aug,11,Salvamento Aquático,Zona Norte,Baixa,17,25,Concluído
2731,2025-12-13 11:32:05,Dec,11,Salvamento Aquático,Zona Oeste,Média,5,21,Concluído
2732,2025-12-10 11:32:05,Dec,11,Incêndio em Edifício,Zona Sul,Média,18,28,Em Andamento
2733,2025-03-10 11:32:05,Mar,11,Incêndio Florestal,Região Metropolitana,Baixa,26,16,Concluído
2734,2025-10-30 11:32:05,Oct,11,Vazamento de Gás,Zona Oeste,Média,23,11,Concluído
2735,2025-10-12 11:32:05,Oct,11,APH - Mal Súbito,Zona Norte,Média,28,55,Em Andamento
2736,2025-04-09 11:32:05,Apr,11,Incêndio em Edifício,Centro,Alta,5,19,Cancelado
2737,2025-03-22 11:32:05,Mar,11,Salvamento Aquático,Centro,Média,19,31,Concluído
2738,2025-01-24 11:32:05,Jan,11,Vazamento de Gás,Zona Sul,Média,10,42,Concluído
2739,2025-07-20 11:32:05,Jul,11,Incêndio Florestal,Região Metropolitana,Baixa,39,45,Concluído
2740,2025-07-07 11:32:05,Jul,11,Incêndio em Edifício,Zona Oeste,Alta,14,44,Em Andamento
2741,2025-10-07 11:32:05,Oct,11,Salvamento Aquático,Zona Norte,Média,34,42,Concluído
2742,2025-11-13 11:32:05,Nov,11,Incêndio Florestal,Zona Oeste,Baixa,29,25,Concluído
2743,2025-12-04 11:32:05,Dec,11,Incêndio Florestal,Zona Sul,Média,20,44,Concluído
2744,2025-11-27 11:32:05,Nov,11,Vazamento de Gás,Zona Norte,Baixa,35,35,Concluído
2745,2025-01-22 11:32:05,Jan,11,Incêndio em Edifício,Centro,Alta,8,36,Concluído
2746,2025-12-01 11:32:05,Dec,11,Salvamento Aquático,Zona Oeste,Baixa,17,44,Concluído
2747,2025-09-08 11:32:05,Sep,11,Resgate em Altura,Zona Sul,Média,31,69,Concluído
2748,2025-06-26 11:32:05,Jun,11,Resgate em Altura,Zona Norte,Média,23,16,Concluído
2749,2025-07-15 11:32:05,Jul,11,Acidente Veicular,Zona Norte,Alta,9,53,Cancelado
2750,2025-09-28 11:32:05,Sep,11,Vazamento de Gás,Zona Oeste,Baixa,22,54,Concluído
2751,2025-04-07 11:32:05,Apr,11,Acidente Veicular,Zona Oeste,Alta,10,38,Concluído
2752,2025-08-06 11:32:05,Aug,11,Salvamento Aquático,Centro,Média,30,30,Concluído
2753,2025-10-26 11:32:05,Oct,11,Incêndio Florestal,Zona Norte,Média,34,21,Em Andamento
2754,2025-01-19 11:32:05,Jan,11,Vazamento de Gás,Região Metropolitana,Baixa,31,48,Concluído
2755,2025-08-12 11:32:05,Aug,11,Resgate em Altura,Centro,Baixa,29,3,Concluído
2756,2025-06-17 11:32:05,Jun,11,Incêndio em Edifício,Zona Oeste,Alta,11,31,Concluído
2757,2025-05-29 11:32:05,May,11,Incêndio em Edifício,Zona Oeste,Média,1,58,Em Andamento
2758,2025-03-04 11:32:05,Mar,11,Acidente Veicular,Centro,Alta,15,23,Concluído
2759,2025-05-12 11:32:05,May,11,Vazamento de Gás,Zona Oeste,Baixa,6,34,Concluído
2760,2025-12-13 11:32:05,Dec,11,Incêndio Florestal,Zona Sul,Baixa,16,44,Concluído
2761,2025-04-19 11:32:05,Apr,11,Incêndio em Edifício,Zona Norte,Alta,10,8,Concluído
2762,2025-11-19 11:32:05,Nov,11,APH - Mal Súbito,Centro,Baixa,55,64,Concluído
2763,2024-12-24 11:32:05,Dec,11,Acidente Veicular,Zona Norte,Alta,8,41,Concluído
2764,2025-01-22 11:32:05,Jan,11,Incêndio em Edifício,Zona Norte,Baixa,29,49,Concluído
2765,2025-03-15 11:32:05,Mar,11,Vazamento de Gás,Zona Norte,Média,13,24,Concluído
2766,2025-09-12 11:32:05,Sep,11,Resgate em Altura,Centro,Alta,3,33,Concluído
2767,2025-09-19 11:32:05,Sep,11,Incêndio Florestal,Zona Norte,Baixa,16,57,Concluído
2768,2025-10-06 11:32:05,Oct,11,Incêndio Florestal,Zona Norte,Baixa,24,14,Concluído
2769,2025-11-02 11:32:05,Nov,11,APH - Mal Súbito,Zona Sul,Baixa,22,89,Concluído
2770,2025-03-10 11:32:05,Mar,11,APH - Mal Súbito,Zona Norte,Média,35,54,Concluído
2771,2025-03-27 11:32:05,Mar,11,Vazamento de Gás,Centro,Baixa,13,32,Concluído
2772,2025-04-22 11:32:05,Apr,11,Salvamento Aquático,Região Metropolitana,Baixa,43,41,Concluído
2773,2025-06-17 11:32:05,Jun,11,Resgate em Altura,Zona Norte,Baixa,32,10,Concluído
2774,2024-12-25 11:32:05,Dec,11,APH - Mal Súbito,Centro,Média,32,67,Concluído
2775,2025-10-18 11:32:05,Oct,11,Acidente Veicular,Zona Sul,Média,17,31,Concluído
2776,2025-11-16 11:32:05,Nov,11,Incêndio Florestal,Zona Norte,Baixa,31,21,Concluído
2777,2025-06-07 11:32:05,Jun,11,Vazamento de Gás,Zona Norte,Média,23,31,Concluído
2778,2025-11-14 11:32:05,Nov,11,Salvamento Aquático,Zona Sul,Média,6,35,Concluído
2779,2025-10-08 11:32:05,Oct,11,Incêndio Florestal,Região Metropolitana,Baixa,32,43,Concluído
2780,2025-06-26 11:32:05,Jun,11,Incêndio em Edifício,Centro,Média,23,18,Concluído
2781,2025-03-15 11:32:05,Mar,11,Acidente Veicular,Centro,Média,24,33,Concluído
2782,2025-10-16 11:32:05,Oct,11,Incêndio em Edifício,Zona Norte,Alta,9,44,Em Andamento
2783,2025-06-26 11:32:05,Jun,11,Incêndio Florestal,Zona Norte,Alta,10,28,Concluído
2784,2025-07-26 11:32:05,Jul,11,Salvamento Aquático,Zona Norte,Média,24,69,Concluído
2785,2025-05-13 11:32:05,May,11,Resgate em Altura,Região Metropolitana,Baixa,27,51,Concluído
2786,2025-03-10 11:32:05,Mar,11,Acidente Veicular,Região Metropolitana,Baixa,8,40,Concluído
2787,2025-04-08 11:32:05,Apr,11,APH - Mal Súbito,Zona Norte,Baixa,35,66,Concluído
2788,2025-06-21 11:32:05,Jun,11,APH - Mal Súbito,Centro,Média,26,48,Concluído
2789,2025-01-12 11:32:05,Jan,11,Vazamento de Gás,Zona Norte,Baixa,28,17,Concluído
2790,2024-12-15 11:32:05,Dec,11,APH - Mal Súbito,Zona Oeste,Baixa,13,37,Concluído
2791,2025-02-07 11:32:05,Feb,11,Incêndio em Edifício,Zona Oeste,Alta,12,54,Concluído
2792,2025-12-11 11:32:05,Dec,11,Vazamento de Gás,Zona Oeste,Baixa,3,32,Concluído
2793,2025-10-02 11:32:05,Oct,11,Resgate em Altura,Centro,Baixa,16,32,Concluído
2794,2025-08-28 11:32:05,Aug,11,Incêndio Florestal,Zona Norte,Baixa,49,31,Concluído
2795,2025-11-08 11:32:05,Nov,11,Acidente Veicular,Centro,Média,38,62,Concluído
2796,2025-01-07 11:32:05,Jan,11,Vazamento de Gás,Centro,Média,7,58,Concluído
2797,2025-07-25 11:32:05,Jul,11,APH - Mal Súbito,Zona Sul,Baixa,18,65,Concluído
2798,2025-05-31 11:32:05,May,11,Vazamento de Gás,Zona Sul,Baixa,48,17,Concluído
2799,2025-05-10 11:32:05,May,11,Incêndio Florestal,Centro,Média,13,1,Concluído
2800,2025-04-25 11:32:05,Apr,11,Incêndio em Edifício,Zona Oeste,Média,20,48,Concluído
2801,2025-12-05 11:32:05,Dec,11,Salvamento Aquático,Zona Oeste,Média,20,36,Concluído
2802,2025-07-05 11:32:05,Jul,11,Resgate em Altura,Zona Oeste,Alta,10,37,Concluído
2803,2024-12-23 11:32:05,Dec,11,Incêndio Florestal,Zona Oeste,Baixa,20,34,Concluído
2804,2025-04-01 11:32:05,Apr,11,APH - Mal Súbito,Zona Norte,Baixa,15,68,Concluído
2805,2025-09-26 11:32:05,Sep,11,Incêndio em Edifício,Região Metropolitana,Alta,7,34,Concluído
2806,2025-11-30 11:32:05,Nov,11,Incêndio em Edifício,Região Metropolitana,Alta,10,35,Cancelado
2807,2025-04-13 11:32:05,Apr,11,APH - Mal Súbito,Centro,Média,28,69,Concluído
2808,2025-09-17 11:32:05,Sep,11,Vazamento de Gás,Zona Sul,Alta,10,20,Concluído
2809,2025-03-12 11:32:05,Mar,11,Incêndio em Edifício,Zona Oeste,Alta,11,61,Concluído
2810,2025-02-25 11:32:05,Feb,11,Acidente Veicular,Zona Oeste,Média,13,53,Em Andamento
2811,2024-12-27 11:32:05,Dec,11,Vazamento de Gás,Zona Oeste,Média,27,16,Concluído
2812,2025-05-13 11:32:05,May,11,Salvamento Aquático,Zona Oeste,Baixa,9,37,Cancelado
2813,2025-09-28 11:32:05,Sep,11,Incêndio em Edifício,Zona Sul,Alta,10,40,Concluído
2814,2025-12-09 11:32:05,Dec,11,Vazamento de Gás,Centro,Baixa,36,48,Concluído
2815,2025-03-23 11:32:05,Mar,11,Resgate em Altura,Centro,Baixa,40,44,Concluído
2816,2025-02-13 11:32:05,Feb,11,Salvamento Aquático,Centro,Baixa,20,31,Concluído
2817,2025-06-02 11:32:05,Jun,11,Incêndio em Edifício,Zona Oeste,Alta,10,27,Concluído
2818,2025-01-07 11:32:05,Jan,11,Incêndio em Edifício,Região Metropolitana,Média,26,35,Concluído
2819,2025-10-27 11:32:05,Oct,11,Salvamento Aquático,Centro,Média,29,40,Concluído
2820,2025-11-19 11:32:05,Nov,11,Resgate em Altura,Centro,Média,36,39,Concluído
2821,2025-10-30 11:32:05,Oct,11,Vazamento de Gás,Região Metropolitana,Alta,11,36,Concluído
2822,2025-10-03 11:32:05,Oct,11,Salvamento Aquático,Centro,Baixa,26,15,Concluído
2823,2025-11-05 11:32:05,Nov,11,Incêndio em Edifício,Região Metropolitana,Alta,12,27,Concluído
2824,2024-12-14 11:32:05,Dec,11,Acidente Veicular,Zona Norte,Alta,9,33,Concluído
2825,2025-10-02 11:32:05,Oct,11,Vazamento de Gás,Zona Sul,Média,17,47,Em Andamento
2826,2025-06-23 11:32:05,Jun,11,Acidente Veicular,Zona Sul,Média,32,35,Cancelado
2827,2025-07-30 11:32:05,Jul,11,Vazamento de Gás,Zona Oeste,Alta,10,23,Concluído
2828,2025-08-15 11:32:05,Aug,11,Salvamento Aquático,Zona Oeste,Alta,10,44,Concluído
2829,2025-01-02 11:32:05,Jan,11,Resgate em Altura,Zona Norte,Média,20,34,Concluído
2830,2025-02-05 11:32:05,Feb,11,Salvamento Aquático,Região Metropolitana,Baixa,22,48,Em Andamento
2831,2025-01-25 11:32:05,Jan,11,Incêndio Florestal,Centro,Média,24,31,Concluído
2832,2025-05-28 11:32:05,May,11,Vazamento de Gás,Zona Oeste,Baixa,16,39,Concluído
2833,2025-11-15 11:32:05,Nov,11,Incêndio Florestal,Zona Norte,Média,30,23,Concluído
2834,2025-11-07 11:32:05,Nov,11,Incêndio Florestal,Centro,Baixa,14,15,Concluído
2835,2024-12-26 11:32:05,Dec,11,APH - Mal Súbito,Região Metropolitana,Média,34,85,Concluído
2836,2025-05-31 11:32:05,May,11,Vazamento de Gás,Zona Oeste,Baixa,44,25,Concluído
2837,2025-02-06 11:32:05,Feb,11,APH - Mal Súbito,Zona Sul,Média,26,42,Concluído
2838,2025-12-06 11:32:05,Dec,11,Vazamento de Gás,Zona Sul,Média,20,29,Concluído
2839,2025-05-29 11:32:05,May,11,Salvamento Aquático,Zona Sul,Média,15,60,Concluído
2840,2025-11-11 11:32:05,Nov,11,Incêndio em Edifício,Zona Oeste,Alta,8,53,Concluído
2841,2025-01-01 11:32:05,Jan,11,Incêndio em Edifício,Zona Norte,Baixa,34,24,Concluído
2842,2024-12-20 11:32:05,Dec,11,Incêndio Florestal,Centro,Baixa,28,32,Concluído
2843,2025-11-09 11:32:05,Nov,11,Incêndio em Edifício,Zona Sul,Média,37,43,Concluído
2844,2025-06-08 11:32:05,Jun,11,APH - Mal Súbito,Centro,Baixa,36,50,Concluído
2845,2025-09-26 11:32:05,Sep,11,Acidente Veicular,Zona Oeste,Alta,10,28,Concluído
2846,2025-09-07 11:32:05,Sep,11,Incêndio Florestal,Zona Sul,Alta,10,15,Concluído
2847,2025-02-23 11:32:05,Feb,11,Resgate em Altura,Centro,Média,11,33,Concluído
2848,2025-05-04 11:32:05,May,11,Incêndio em Edifício,Zona Sul,Média,23,43,Concluído
2849,2025-10-06 11:32:05,Oct,11,Incêndio em Edifício,Zona Norte,Alta,10,35,Concluído
2850,2025-11-22 11:32:05,Nov,11,Vazamento de Gás,Zona Oeste,Baixa,21,30,Cancelado
2851,2025-11-13 11:32:05,Nov,11,Incêndio Florestal,Centro,Média,34,43,Concluído
2852,2025-09-18 11:32:05,Sep,11,Incêndio Florestal,Região Metropolitana,Média,28,32,Concluído
2853,2025-02-22 11:32:05,Feb,11,Salvamento Aquático,Zona Norte,Baixa,12,57,Concluído
2854,2025-02-09 11:32:05,Feb,11,Resgate em Altura,Zona Norte,Alta,7,28,Concluído
2855,2025-04-07 11:32:05,Apr,11,Incêndio em Edifício,Centro,Média,18,25,Concluído
2856,2025-10-30 11:32:05,Oct,11,Incêndio em Edifício,Zona Norte,Alta,10,37,Concluído
2857,2025-04-06 11:32:05,Apr,11,Vazamento de Gás,Zona Norte,Baixa,12,25,Concluído
2858,2025-11-18 11:32:05,Nov,11,Salvamento Aquático,Região Metropolitana,Baixa,31,24,Concluído
2859,2025-01-07 11:32:05,Jan,11,Salvamento Aquático,Zona Oeste,Média,27,14,Concluído
2860,2025-08-05 11:32:05,Aug,11,Incêndio Florestal,Centro,Baixa,17,33,Em Andamento
2861,2024-12-29 11:32:05,Dec,11,Salvamento Aquático,Zona Oeste,Baixa,22,22,Concluído
2862,2025-09-28 11:32:05,Sep,11,Salvamento Aquático,Região Metropolitana,Média,33,23,Concluído
2863,2025-09-05 11:32:05,Sep,11,Incêndio Florestal,Centro,Média,31,1,Concluído
2864,2025-03-28 11:32:05,Mar,11,Incêndio em Edifício,Região Metropolitana,Alta,5,20,Concluído
2865,2025-10-29 11:32:05,Oct,11,Acidente Veicular,Zona Norte,Alta,11,49,Em Andamento
2866,2025-07-28 11:32:05,Jul,11,Salvamento Aquático,Zona Norte,Média,26,16,Concluído
2867,2025-01-05 11:32:05,Jan,11,Salvamento Aquático,Zona Oeste,Baixa,19,35,Concluído
2868,2025-02-06 11:32:05,Feb,11,Salvamento Aquático,Zona Norte,Média,39,34,Concluído
2869,2025-06-19 11:32:05,Jun,11,Acidente Veicular,Região Metropolitana,Alta,12,45,Em Andamento
2870,2025-09-28 11:32:05,Sep,11,Incêndio Florestal,Zona Norte,Média,15,39,Concluído
2871,2025-05-15 11:32:05,May,11,Incêndio Florestal,Centro,Média,22,32,Cancelado
2872,2025-08-01 11:32:05,Aug,11,Vazamento de Gás,Zona Oeste,Média,15,20,Concluído
2873,2025-02-28 11:32:05,Feb,11,Vazamento de Gás,Zona Sul,Baixa,9,21,Concluído
2874,2025-04-06 11:32:05,Apr,11,Acidente Veicular,Zona Oeste,Alta,10,10,Concluído
2875,2025-05-27 11:32:05,May,11,Acidente Veicular,Região Metropolitana,Média,7,20,Cancelado
2876,2025-01-20 11:32:05,Jan,11,Resgate em Altura,Centro,Baixa,28,19,Em Andamento
2877,2025-08-21 11:32:05,Aug,11,Incêndio em Edifício,Centro,Alta,7,21,Concluído
2878,2025-07-24 11:32:05,Jul,11,Vazamento de Gás,Zona Oeste,Baixa,25,27,Cancelado
2879,2025-11-29 11:32:05,Nov,11,Salvamento Aquático,Centro,Baixa,20,41,Concluído
2880,2025-03-21 11:32:05,Mar,11,Incêndio em Edifício,Zona Sul,Alta,9,39,Em Andamento
2881,2025-08-25 11:32:05,Aug,11,Resgate em Altura,Zona Norte,Média,36,52,Concluído
2882,2025-04-02 11:32:05,Apr,11,APH - Mal Súbito,Região Metropolitana,Média,23,57,Concluído
2883,2024-12-21 11:32:05,Dec,11,Salvamento Aquático,Zona Sul,Baixa,7,40,Concluído
2884,2025-03-12 11:32:05,Mar,11,Salvamento Aquático,Zona Sul,Baixa,24,27,Em Andamento
2885,2025-08-27 11:32:05,Aug,11,Acidente Veicular,Centro,Média,9,26,Cancelado
2886,2025-02-11 11:32:05,Feb,11,Salvamento Aquático,Zona Oeste,Média,1,15,Concluído
2887,2025-01-20 11:32:05,Jan,11,Acidente Veicular,Zona Norte,Baixa,22,28,Em Andamento
2888,2025-10-09 11:32:05,Oct,11,Vazamento de Gás,Zona Oeste,Alta,8,27,Concluído
2889,2025-07-12 11:32:05,Jul,11,APH - Mal Súbito,Zona Sul,Alta,9,36,Concluído
2890,2025-11-01 11:32:05,Nov,11,Incêndio em Edifício,Região Metropolitana,Alta,10,29,Cancelado
2891,2025-03-01 11:32:05,Mar,11,APH - Mal Súbito,Centro,Baixa,16,72,Concluído
2892,2025-03-12 11:32:05,Mar,11,Incêndio em Edifício,Zona Sul,Baixa,32,31,Concluído
2893,2025-11-29 11:32:05,Nov,11,Incêndio Florestal,Zona Oeste,Média,16,34,Em Andamento
2894,2025-05-03 11:32:05,May,11,Acidente Veicular,Zona Norte,Alta,9,5,Em Andamento
2895,2025-06-03 11:32:05,Jun,11,Incêndio em Edifício,Região Metropolitana,Alta,7,44,Concluído
2896,2024-12-26 11:32:05,Dec,11,Salvamento Aquático,Centro,Baixa,15,23,Concluído
2897,2025-11-26 11:32:05,Nov,11,Acidente Veicular,Centro,Baixa,18,29,Concluído
2898,2025-09-06 11:32:05,Sep,11,Acidente Veicular,Zona Oeste,Baixa,32,70,Concluído
2899,2025-01-02 11:32:05,Jan,11,Incêndio Florestal,Zona Sul,Baixa,13,26,Concluído
2900,2025-02-19 11:32:05,Feb,11,Vazamento de Gás,Zona Norte,Média,46,1,Concluído
2901,2025-08-01 11:32:05,Aug,11,Incêndio em Edifício,Zona Sul,Alta,7,9,Concluído
2902,2025-07-08 11:32:05,Jul,11,Incêndio em Edifício,Zona Oeste,Baixa,30,17,Concluído
2903,2025-06-23 11:32:05,Jun,11,Salvamento Aquático,Região Metropolitana,Baixa,10,6,Concluído
2904,2025-03-20 11:32:05,Mar,11,Resgate em Altura,Zona Oeste,Média,22,25,Concluído
2905,2025-10-31 11:32:05,Oct,11,Vazamento de Gás,Zona Oeste,Média,33,39,Concluído
2906,2025-02-12 11:32:05,Feb,11,Incêndio Florestal,Zona Sul,Média,27,31,Concluído
2907,2025-01-08 11:32:05,Jan,11,Resgate em Altura,Centro,Média,26,16,Concluído
2908,2025-01-15 11:32:05,Jan,11,Incêndio em Edifício,Zona Sul,Alta,9,58,Em Andamento
2909,2025-07-11 11:32:05,Jul,11,Salvamento Aquático,Região Metropolitana,Alta,7,39,Concluído
2910,2025-07-18 11:32:05,Jul,11,Salvamento Aquático,Região Metropolitana,Média,26,52,Concluído
2911,2025-04-02 11:32:05,Apr,11,Vazamento de Gás,Zona Sul,Média,27,10,Concluído
2912,2025-05-31 11:32:05,May,11,Vazamento de Gás,Centro,Média,39,52,Concluído
2913,2025-12-06 11:32:05,Dec,11,Incêndio em Edifício,Zona Norte,Média,10,41,Concluído
2914,2025-05-18 11:32:05,May,11,Salvamento Aquático,Região Metropolitana,Baixa,29,44,Concluído
2915,2025-05-02 11:32:05,May,11,APH - Mal Súbito,Região Metropolitana,Média,37,63,Concluído
2916,2025-03-03 11:32:05,Mar,11,Salvamento Aquático,Zona Norte,Média,42,36,Concluído
2917,2025-06-23 11:32:05,Jun,11,APH - Mal Súbito,Zona Sul,Baixa,39,79,Concluído
2918,2025-04-05 11:32:05,Apr,11,Salvamento Aquático,Centro,Média,33,34,Concluído
2919,2025-05-05 11:32:05,May,11,Incêndio Florestal,Centro,Baixa,19,43,Concluído
2920,2025-01-02 11:32:05,Jan,11,Resgate em Altura,Zona Norte,Baixa,21,16,Concluído
2921,2025-09-24 11:32:05,Sep,11,Vazamento de Gás,Zona Sul,Alta,5,53,Em Andamento
2922,2025-12-07 11:32:05,Dec,11,Acidente Veicular,Centro,Baixa,16,54,Concluído
2923,2025-10-15 11:32:05,Oct,11,Incêndio em Edifício,Zona Norte,Alta,14,40,Concluído
2924,2025-01-14 11:32:05,Jan,11,Resgate em Altura,Região Metropolitana,Baixa,15,36,Concluído
2925,2025-05-03 11:32:05,May,11,Vazamento de Gás,Centro,Baixa,20,39,Concluído
2926,2025-12-12 11:32:05,Dec,11,Acidente Veicular,Zona Sul,Baixa,18,38,Concluído
2927,2025-11-15 11:32:05,Nov,11,Salvamento Aquático,Zona Oeste,Média,32,46,Concluído
2928,2025-11-02 11:32:05,Nov,11,APH - Mal Súbito,Zona Oeste,Média,28,70,Em Andamento
2929,2025-10-02 11:32:05,Oct,11,Salvamento Aquático,Zona Sul,Média,36,44,Concluído
2930,2025-01-30 11:32:05,Jan,11,Vazamento de Gás,Zona Oeste,Média,30,34,Concluído
2931,2025-08-08 11:32:05,Aug,11,Incêndio Florestal,Centro,Média,24,34,Concluído
2932,2025-02-03 11:32:05,Feb,11,Incêndio Florestal,Zona Oeste,Baixa,23,29,Concluído
2933,2024-12-18 11:32:05,Dec,11,Acidente Veicular,Zona Norte,Alta,10,25,Concluído
2934,2025-02-10 11:32:05,Feb,11,APH - Mal Súbito,Centro,Baixa,35,59,Concluído
2935,2025-04-05 11:32:05,Apr,11,Acidente Veicular,Zona Sul,Alta,13,74,Concluído
2936,2025-07-27 11:32:05,Jul,11,Incêndio Florestal,Centro,Baixa,25,16,Concluído
2937,2025-05-23 11:32:05,May,11,Incêndio Florestal,Zona Sul,Baixa,19,12,Concluído
2938,2025-01-17 11:32:05,Jan,11,Vazamento de Gás,Centro,Baixa,24,45,Concluído
2939,2025-05-22 11:32:05,May,11,Incêndio em Edifício,Zona Norte,Alta,10,31,Em Andamento
2940,2025-09-08 11:32:05,Sep,11,APH - Mal Súbito,Zona Oeste,Baixa,16,87,Concluído
2941,2024-12-17 11:32:05,Dec,11,Incêndio Florestal,Centro,Média,38,53,Concluído
2942,2025-05-05 11:32:05,May,11,Vazamento de Gás,Zona Norte,Média,16,27,Concluído
2943,2025-10-25 11:32:05,Oct,11,Resgate em Altura,Região Metropolitana,Baixa,12,57,Concluído
2944,2025-03-06 11:32:05,Mar,11,Resgate em Altura,Zona Sul,Média,9,27,Concluído
2945,2025-05-07 11:32:05,May,11,Acidente Veicular,Zona Sul,Alta,9,33,Concluído
2946,2025-04-13 11:32:05,Apr,11,APH - Mal Súbito,Zona Sul,Baixa,30,95,Concluído
2947,2025-08-16 11:32:05,Aug,11,APH - Mal Súbito,Zona Sul,Média,36,50,Concluído
2948,2025-09-06 11:32:05,Sep,11,APH - Mal Súbito,Zona Sul,Baixa,10,72,Concluído
2949,2025-11-26 11:32:05,Nov,11,Acidente Veicular,Zona Sul,Alta,10,26,Concluído
2950,2025-04-30 11:32:05,Apr,11,Salvamento Aquático,Centro,Baixa,28,17,Concluído
2951,2025-04-16 11:32:05,Apr,11,Salvamento Aquático,Zona Oeste,Baixa,25,19,Concluído
2952,2025-07-20 11:32:05,Jul,11,Vazamento de Gás,Zona Norte,Média,37,26,Concluído
2953,2025-11-02 11:32:05,Nov,11,Vazamento de Gás,Centro,Baixa,1,46,Concluído
2954,2025-05-19 11:32:05,May,11,APH - Mal Súbito,Zona Sul,Baixa,15,47,Cancelado
2955,2025-11-06 11:32:05,Nov,11,APH - Mal Súbito,Zona Oeste,Baixa,30,66,Concluído
2956,2025-05-11 11:32:05,May,11,Salvamento Aquático,Centro,Baixa,7,29,Concluído
2957,2025-04-17 11:32:05,Apr,11,Incêndio em Edifício,Zona Oeste,Alta,10,30,Concluído
2958,2025-08-03 11:32:05,Aug,11,Incêndio em Edifício,Região Metropolitana,Alta,8,21,Concluído
2959,2025-06-23 11:32:05,Jun,11,Salvamento Aquático,Zona Oeste,Baixa,23,33,Concluído
2960,2025-02-12 11:32:05,Feb,11,Vazamento de Gás,Zona Sul,Média,26,48,Em Andamento
2961,2025-11-04 11:32:05,Nov,11,Salvamento Aquático,Zona Oeste,Média,14,28,Concluído
2962,2025-10-29 11:32:05,Oct,11,Acidente Veicular,Zona Oeste,Média,35,25,Concluído
2963,2025-04-22 11:32:05,Apr,11,Salvamento Aquático,Zona Norte,Baixa,33,29,Em Andamento
2964,2025-08-13 11:32:05,Aug,11,Vazamento de Gás,Região Metropolitana,Baixa,21,42,Concluído
2965,2025-05-18 11:32:05,May,11,Incêndio em Edifício,Zona Oeste,Alta,9,37,Concluído
2966,2025-10-14 11:32:05,Oct,11,Vazamento de Gás,Zona Norte,Média,32,31,Cancelado
2967,2025-03-19 11:32:05,Mar,11,Incêndio Florestal,Zona Oeste,Média,24,44,Concluído
2968,2024-12-26 11:32:05,Dec,11,Vazamento de Gás,Centro,Baixa,18,34,Concluído
2969,2025-11-26 11:32:05,Nov,11,Salvamento Aquático,Centro,Baixa,27,17,Concluído
2970,2025-07-02 11:32:05,Jul,11,APH - Mal Súbito,Zona Oeste,Média,21,65,Concluído
2971,2025-08-08 11:32:05,Aug,11,Vazamento de Gás,Zona Norte,Baixa,41,11,Concluído
2972,2025-06-13 11:32:05,Jun,11,Incêndio em Edifício,Zona Oeste,Baixa,31,59,Concluído
2973,2025-11-21 11:32:05,Nov,11,Incêndio Florestal,Região Metropolitana,Baixa,23,38,Concluído
2974,2025-08-15 11:32:05,Aug,11,Vazamento de Gás,Região Metropolitana,Média,38,27,Concluído
2975,2025-05-27 11:32:05,May,11,Resgate em Altura,Região Metropolitana,Baixa,20,21,Concluído
2976,2025-10-02 11:32:05,Oct,11,Acidente Veicular,Zona Oeste,Alta,13,13,Concluído
2977,2025-07-06 11:32:05,Jul,11,Salvamento Aquático,Zona Sul,Média,17,48,Concluído
2978,2025-01-31 11:32:05,Jan,11,Incêndio em Edifício,Zona Norte,Alta,8,48,Concluído
2979,2025-07-11 11:32:05,Jul,11,Salvamento Aquático,Centro,Média,23,44,Concluído
2980,2025-11-01 11:32:05,Nov,11,Resgate em Altura,Zona Oeste,Média,39,13,Concluído
2981,2025-08-08 11:32:05,Aug,11,Salvamento Aquático,Zona Sul,Baixa,9,56,Concluído
2982,2025-01-29 11:32:05,Jan,11,Acidente Veicular,Região Metropolitana,Alta,10,21,Concluído
2983,2025-05-23 11:32:05,May,11,Incêndio Florestal,Zona Sul,Média,23,28,Concluído
2984,2025-08-05 11:32:05,Aug,11,Vazamento de Gás,Zona Oeste,Baixa,18,16,Concluído
2985,2025-07-04 11:32:05,Jul,11,APH - Mal Súbito,Região Metropolitana,Baixa,14,85,Concluído
2986,2025-07-06 11:32:05,Jul,11,Incêndio Florestal,Centro,Baixa,44,40,Concluído
2987,2025-12-06 11:32:05,Dec,11,APH - Mal Súbito,Centro,Baixa,17,49,Em Andamento
2988,2025-10-10 11:32:05,Oct,11,Incêndio em Edifício,Zona Oeste,Alta,9,34,Concluído
2989,2025-10-13 11:32:05,Oct,11,APH - Mal Súbito,Região Metropolitana,Média,32,64,Concluído
2990,2025-01-15 11:32:05,Jan,11,Acidente Veicular,Zona Sul,Média,1,30,Concluído
2991,2025-11-06 11:32:05,Nov,11,Incêndio Florestal,Zona Sul,Média,18,21,Concluído
2992,2025-06-27 11:32:05,Jun,11,Salvamento Aquático,Região Metropolitana,Baixa,13,36,Concluído
2993,2025-10-24 11:32:05,Oct,11,APH - Mal Súbito,Região Metropolitana,Baixa,24,37,Concluído
2994,2025-05-27 11:32:05,May,11,Acidente Veicular,Zona Sul,Alta,6,31,Concluído
2995,2025-01-18 11:32:05,Jan,11,Vazamento de Gás,Zona Oeste,Média,32,27,Concluído
2996,2025-11-24 11:32:05,Nov,11,Acidente Veicular,Centro,Média,16,49,Concluído
2997,2025-10-12 11:32:05,Oct,11,Vazamento de Gás,Região Metropolitana,Baixa,19,34,Concluído
2998,2025-01-14 11:32:05,Jan,11,Vazamento de Gás,Zona Sul,Média,14,67,Concluído
2999,2025-01-02 11:32:05,Jan,11,Vazamento de Gás,Zona Norte,Média,35,26,Concluído
3000,2025-09-01 11:32:05,Sep,11,Incêndio em Edifício,Região Metropolitana,Média,23,27,Concluído
3001,2025-12-14 11:46:16,Dec,11,Resgate em Altura,Região Metropolitana,Média,30,0,Concluído
